:385	gy:15	gz:-2430
12:10:01.931 -> a/g:	ax:4312	ay:-2132	ax:18328	gx:-565	gy:-61	gz:-2097
12:10:01.931 -> a/g:	ax:2892	ay:-2316	ax:14900	gx:-302	gy:-110	gz:-1735
12:10:01.966 -> a/g:	ax:4260	ay:-1596	ax:18012	gx:-634	gy:-211	gz:-1046
12:10:01.966 -> a/g:	ax:2900	ay:-2880	ax:14636	gx:112	gy:335	gz:-866
12:10:01.966 -> a/g:	ax:3444	ay:-1696	ax:17772	gx:-332	gy:40	gz:-412
12:10:02.003 -> a/g:	ax:2644	ay:-2076	ax:15540	gx:-31	gy:316	gz:-282
12:10:02.003 -> a/g:	ax:3720	ay:-1608	ax:17184	gx:-126	gy:-669	gz:-437
12:10:02.003 -> a/g:	ax:2540	ay:-2184	ax:15584	gx:-309	gy:-36	gz:-351
12:10:02.035 -> a/g:	ax:2312	ay:-1500	ax:16644	gx:-235	gy:-168	gz:-324
12:10:02.035 -> a/g:	ax:3284	ay:-1336	ax:17692	gx:270	gy:659	gz:-417
12:10:02.071 -> a/g:	ax:2512	ay:-656	ax:14300	gx:-231	gy:-599	gz:-412
12:10:02.071 -> a/g:	ax:2960	ay:-424	ax:15884	gx:-1	gy:129	gz:-648
12:10:02.108 -> a/g:	ax:1980	ay:-204	ax:15380	gx:-220	gy:-292	gz:-430
12:10:02.108 -> a/g:	ax:2628	ay:84	ax:16620	gx:809	gy:-135	gz:-570
12:10:02.108 -> a/g:	ax:2332	ay:772	ax:15412	gx:-290	gy:-127	gz:-455
12:10:02.140 -> a/g:	ax:2068	ay:696	ax:15784	gx:344	gy:320	gz:-621
12:10:02.140 -> a/g:	ax:3028	ay:1368	ax:15680	gx:191	gy:-1048	gz:-705
12:10:02.174 -> a/g:	ax:1600	ay:-4	ax:16680	gx:583	gy:854	gz:-630
12:10:02.174 -> a/g:	ax:2128	ay:1852	ax:14548	gx:-446	gy:-799	gz:-771
12:10:02.174 -> a/g:	ax:2564	ay:1208	ax:16816	gx:1030	gy:363	gz:-759
12:10:02.209 -> a/g:	ax:2784	ay:1984	ax:14848	gx:-153	gy:-687	gz:-590
12:10:02.209 -> a/g:	ax:3220	ay:2568	ax:19352	gx:16	gy:98	gz:-703
12:10:02.209 -> a/g:	ax:2156	ay:2044	ax:15984	gx:94	gy:-229	gz:-995
12:10:02.243 -> a/g:	ax:2980	ay:1240	ax:16152	gx:642	gy:225	gz:-878
12:10:02.243 -> a/g:	ax:2464	ay:1864	ax:15580	gx:94	gy:-929	gz:-941
12:10:02.277 -> a/g:	ax:2656	ay:1548	ax:16020	gx:475	gy:1094	gz:-972
12:10:02.277 -> a/g:	ax:2828	ay:1924	ax:16152	gx:12	gy:-359	gz:-1069
12:10:02.311 -> a/g:	ax:3320	ay:1256	ax:15448	gx:299	gy:493	gz:-975
12:10:02.311 -> a/g:	ax:2668	ay:1840	ax:16684	gx:-23	gy:-293	gz:-1034
12:10:02.311 -> a/g:	ax:3540	ay:1448	ax:15132	gx:427	gy:689	gz:-966
12:10:02.344 -> a/g:	ax:2788	ay:1812	ax:17476	gx:52	gy:-463	gz:-966
12:10:02.344 -> a/g:	ax:4164	ay:2084	ax:14404	gx:211	gy:264	gz:-435
12:10:02.380 -> a/g:	ax:1580	ay:1916	ax:16372	gx:-83	gy:245	gz:-382
12:10:02.380 -> a/g:	ax:4600	ay:1116	ax:16160	gx:220	gy:382	gz:-335
12:10:02.380 -> a/g:	ax:4512	ay:2220	ax:17548	gx:-259	gy:-838	gz:-476
12:10:02.415 -> a/g:	ax:2604	ay:1468	ax:13188	gx:333	gy:1098	gz:-244
12:10:02.415 -> a/g:	ax:2892	ay:1900	ax:17232	gx:215	gy:-854	gz:-266
12:10:02.452 -> a/g:	ax:3908	ay:1216	ax:15984	gx:597	gy:-461	gz:-137
12:10:02.452 -> a/g:	ax:4576	ay:1872	ax:16396	gx:75	gy:-171	gz:385
12:10:02.452 -> a/g:	ax:3560	ay:2012	ax:14764	gx:-307	gy:-457	gz:457
12:10:02.484 -> a/g:	ax:3352	ay:1224	ax:17724	gx:775	gy:1705	gz:260
12:10:02.484 -> a/g:	ax:2704	ay:1996	ax:14576	gx:-405	gy:-1880	gz:-326
12:10:02.519 -> a/g:	ax:2892	ay:1820	ax:16496	gx:444	gy:127	gz:-1072
12:10:02.519 -> a/g:	ax:3960	ay:2008	ax:15428	gx:112	gy:-861	gz:-1440
12:10:02.519 -> a/g:	ax:4152	ay:1508	ax:15040	gx:611	gy:-652	gz:-1094
12:10:02.550 -> a/g:	ax:3944	ay:1096	ax:18216	gx:-85	gy:137	gz:-897
12:10:02.550 -> a/g:	ax:4752	ay:2060	ax:13896	gx:96	gy:-814	gz:-987
12:10:02.586 -> a/g:	ax:3244	ay:2028	ax:17492	gx:-7	gy:-432	gz:-1546
12:10:02.586 -> a/g:	ax:5348	ay:1884	ax:14044	gx:432	gy:-101	gz:-1694
12:10:02.619 -> a/g:	ax:4648	ay:1620	ax:18712	gx:28	gy:-264	gz:-1811
12:10:02.619 -> a/g:	ax:4780	ay:1908	ax:13692	gx:225	gy:-260	gz:-1701
12:10:02.619 -> a/g:	ax:4204	ay:2196	ax:17260	gx:175	gy:-368	gz:-1774
12:10:02.653 -> a/g:	ax:4784	ay:1464	ax:14472	gx:90	gy:-705	gz:-1984
12:10:02.653 -> a/g:	ax:4968	ay:2372	ax:17244	gx:228	gy:-294	gz:-2252
12:10:02.685 -> a/g:	ax:4772	ay:1568	ax:15464	gx:-67	gy:-251	gz:-2430
12:10:02.685 -> a/g:	ax:4828	ay:1976	ax:16852	gx:247	gy:-373	gz:-2481
12:10:02.718 -> a/g:	ax:4260	ay:2256	ax:15720	gx:209	gy:-639	gz:-2493
12:10:02.718 -> a/g:	ax:5228	ay:2052	ax:16208	gx:297	gy:35	gz:-2423
12:10:02.718 -> a/g:	ax:5080	ay:1984	ax:15984	gx:-110	gy:-611	gz:-2613
12:10:02.757 -> a/g:	ax:5528	ay:1780	ax:16104	gx:105	gy:286	gz:-2727
12:10:02.757 -> a/g:	ax:4756	ay:1572	ax:16700	gx:-19	gy:105	gz:-2851
12:10:02.757 -> a/g:	ax:5300	ay:1952	ax:15268	gx:150	gy:-339	gz:-2915
12:10:02.794 -> a/g:	ax:5240	ay:2156	ax:16764	gx:-114	gy:-46	gz:-2858
12:10:02.794 -> a/g:	ax:5428	ay:2044	ax:15196	gx:-86	gy:-134	gz:-2791
12:10:02.829 -> a/g:	ax:5620	ay:2440	ax:15860	gx:60	gy:-12	gz:-2870
12:10:02.829 -> a/g:	ax:5320	ay:2396	ax:15668	gx:-21	gy:-145	gz:-3106
12:10:02.862 -> a/g:	ax:5160	ay:2700	ax:15380	gx:143	gy:312	gz:-3135
12:10:02.862 -> a/g:	ax:4732	ay:3160	ax:14924	gx:110	gy:-798	gz:-3013
12:10:02.862 -> a/g:	ax:5316	ay:3068	ax:15648	gx:229	gy:-246	gz:-2946
12:10:02.895 -> a/g:	ax:4428	ay:3436	ax:16500	gx:61	gy:-54	gz:-3016
12:10:02.895 -> a/g:	ax:3808	ay:3036	ax:15500	gx:-83	gy:-585	gz:-3264
12:10:02.929 -> a/g:	ax:3680	ay:3308	ax:16196	gx:414	gy:-92	gz:-3359
12:10:02.929 -> a/g:	ax:4456	ay:3336	ax:14588	gx:-6	gy:-931	gz:-3290
12:10:02.967 -> a/g:	ax:4168	ay:4052	ax:15340	gx:422	gy:129	gz:-3346
12:10:02.967 -> a/g:	ax:4924	ay:3472	ax:14032	gx:107	gy:-612	gz:-3313
12:10:02.967 -> a/g:	ax:5456	ay:2924	ax:15744	gx:241	gy:457	gz:-3230
12:10:03.000 -> a/g:	ax:5256	ay:3280	ax:15316	gx:191	gy:17	gz:-3450
12:10:03.000 -> a/g:	ax:4132	ay:3900	ax:13520	gx:291	gy:-543	gz:-3559
12:10:03.000 -> a/g:	ax:5640	ay:3788	ax:16912	gx:326	gy:744	gz:-3457
12:10:03.033 -> a/g:	ax:5760	ay:3364	ax:15172	gx:65	gy:-806	gz:-3498
12:10:03.033 -> a/g:	ax:6176	ay:3596	ax:17540	gx:478	gy:620	gz:-3562
12:10:03.067 -> a/g:	ax:3800	ay:4528	ax:13052	gx:-153	gy:-700	gz:-3470
12:10:03.067 -> a/g:	ax:1588	ay:4456	ax:16736	gx:156	gy:96	gz:-3741
12:10:03.101 -> a/g:	ax:6200	ay:2396	ax:16000	gx:199	gy:-1232	gz:-3711
12:10:03.101 -> a/g:	ax:3588	ay:3808	ax:19560	gx:399	gy:-194	gz:-3799
12:10:03.101 -> a/g:	ax:4164	ay:3944	ax:12900	gx:-111	gy:-127	gz:-3701
12:10:03.136 -> a/g:	ax:3136	ay:5300	ax:19124	gx:235	gy:-1690	gz:-4041
12:10:03.136 -> a/g:	ax:5528	ay:2816	ax:13124	gx:83	gy:199	gz:-4053
12:10:03.174 -> a/g:	ax:4648	ay:4112	ax:18668	gx:-259	gy:-1366	gz:-3938
12:10:03.174 -> a/g:	ax:5656	ay:2516	ax:14228	gx:819	gy:935	gz:-3905
12:10:03.174 -> a/g:	ax:4428	ay:4596	ax:17832	gx:-179	gy:-764	gz:-4090
12:10:03.210 -> a/g:	ax:4416	ay:3920	ax:14148	gx:139	gy:-483	gz:-4135
12:10:03.210 -> a/g:	ax:5396	ay:3968	ax:15788	gx:276	gy:-174	gz:-4002
12:10:03.244 -> a/g:	ax:5620	ay:3600	ax:14356	gx:62	gy:5	gz:-4059
12:10:03.244 -> a/g:	ax:5436	ay:3900	ax:15128	gx:217	gy:-105	gz:-4254
12:10:03.244 -> a/g:	ax:4996	ay:4256	ax:14952	gx:172	gy:-822	gz:-4151
12:10:03.279 -> a/g:	ax:5436	ay:4224	ax:15720	gx:188	gy:228	gz:-4038
12:10:03.279 -> a/g:	ax:5116	ay:3708	ax:14288	gx:-22	gy:-381	gz:-4004
12:10:03.311 -> a/g:	ax:5032	ay:3756	ax:14564	gx:189	gy:-518	gz:-4028
12:10:03.311 -> a/g:	ax:3908	ay:4136	ax:12320	gx:221	gy:-296	gz:-4034
12:10:03.349 -> a/g:	ax:3240	ay:2876	ax:16892	gx:-90	gy:-224	gz:-4157
12:10:03.349 -> a/g:	ax:2812	ay:1300	ax:16248	gx:-229	gy:-586	gz:-4080
12:10:03.349 -> a/g:	ax:6012	ay:3344	ax:15848	gx:825	gy:-2057	gz:-4012
12:10:03.383 -> a/g:	ax:3200	ay:4776	ax:16692	gx:2	gy:60	gz:-4037
12:10:03.383 -> a/g:	ax:5292	ay:4164	ax:15928	gx:-103	gy:590	gz:-3876
12:10:03.383 -> a/g:	ax:4056	ay:4048	ax:12480	gx:214	gy:-2599	gz:-3855
12:10:03.416 -> a/g:	ax:5644	ay:2468	ax:17540	gx:-282	gy:477	gz:-3987
12:10:03.416 -> a/g:	ax:5788	ay:2212	ax:15572	gx:-171	gy:-583	gz:-4188
12:10:03.451 -> a/g:	ax:4148	ay:3860	ax:13704	gx:656	gy:-1921	gz:-4352
12:10:03.451 -> a/g:	ax:4888	ay:4776	ax:18868	gx:-1	gy:719	gz:-4263
12:10:03.488 -> a/g:	ax:4692	ay:3636	ax:13144	gx:-76	gy:-1391	gz:-4163
12:10:03.488 -> a/g:	ax:5280	ay:2896	ax:15108	gx:82	gy:-904	gz:-4246
12:10:03.488 -> a/g:	ax:5232	ay:3216	ax:15080	gx:90	gy:179	gz:-4461
12:10:03.525 -> a/g:	ax:4896	ay:3792	ax:17376	gx:422	gy:-484	gz:-4378
12:10:03.525 -> a/g:	ax:4484	ay:4284	ax:16612	gx:73	gy:-594	gz:-4137
12:10:03.525 -> a/g:	ax:4324	ay:3204	ax:15184	gx:-150	gy:-1174	gz:-4090
12:10:03.558 -> a/g:	ax:5616	ay:2608	ax:16212	gx:281	gy:112	gz:-4273
12:10:03.558 -> a/g:	ax:5392	ay:3292	ax:17752	gx:307	gy:-534	gz:-4212
12:10:03.593 -> a/g:	ax:4684	ay:3568	ax:14160	gx:257	gy:-249	gz:-4128
12:10:03.593 -> a/g:	ax:4304	ay:4628	ax:18544	gx:-48	gy:-1470	gz:-4259
12:10:03.629 -> a/g:	ax:5580	ay:2876	ax:13280	gx:299	gy:511	gz:-4337
12:10:03.629 -> a/g:	ax:5628	ay:3420	ax:17620	gx:61	gy:-1183	gz:-4505
12:10:03.629 -> a/g:	ax:4880	ay:3224	ax:13620	gx:360	gy:-58	gz:-4476
12:10:03.664 -> a/g:	ax:4244	ay:4440	ax:17620	gx:134	gy:-792	gz:-4393
12:10:03.664 -> a/g:	ax:5040	ay:3216	ax:14720	gx:257	gy:-246	gz:-4175
12:10:03.712 -> a/g:	ax:4748	ay:3284	ax:15348	gx:199	gy:-799	gz:-4183
12:10:03.712 -> a/g:	ax:4728	ay:3556	ax:15752	gx:450	gy:-226	gz:-4241
12:10:03.712 -> a/g:	ax:4736	ay:3952	ax:15748	gx:450	gy:-328	gz:-4215
12:10:03.737 -> a/g:	ax:4236	ay:3756	ax:15408	gx:7	gy:-792	gz:-4224
12:10:03.737 -> a/g:	ax:5164	ay:3068	ax:15112	gx:217	gy:-658	gz:-4335
12:10:03.737 -> a/g:	ax:5508	ay:2704	ax:14888	gx:260	gy:-472	gz:-4353
12:10:03.772 -> a/g:	ax:4664	ay:3468	ax:14296	gx:293	gy:-827	gz:-4600
12:10:03.772 -> a/g:	ax:4980	ay:3304	ax:14424	gx:410	gy:-61	gz:-4625
12:10:03.808 -> a/g:	ax:5064	ay:3752	ax:16432	gx:377	gy:-270	gz:-4619
12:10:03.808 -> a/g:	ax:4360	ay:2792	ax:13316	gx:-149	gy:-1344	gz:-4132
12:10:03.845 -> a/g:	ax:5808	ay:3384	ax:19280	gx:916	gy:698	gz:-4418
12:10:03.845 -> a/g:	ax:4028	ay:3516	ax:10660	gx:-33	gy:-1844	gz:-4271
12:10:03.845 -> a/g:	ax:5132	ay:4116	ax:18372	gx:230	gy:-324	gz:-4452
12:10:03.878 -> a/g:	ax:5780	ay:2588	ax:13528	gx:471	gy:376	gz:-4606
12:10:03.878 -> a/g:	ax:4712	ay:3292	ax:14348	gx:-113	gy:-1967	gz:-4378
12:10:03.911 -> a/g:	ax:5052	ay:3668	ax:16680	gx:548	gy:-691	gz:-4348
12:10:03.911 -> a/g:	ax:5600	ay:3540	ax:15376	gx:512	gy:315	gz:-4339
12:10:03.944 -> a/g:	ax:4740	ay:3796	ax:16472	gx:-271	gy:-1216	gz:-4212
12:10:03.944 -> a/g:	ax:4328	ay:2640	ax:15392	gx:167	gy:-1001	gz:-4190
12:10:03.944 -> a/g:	ax:5396	ay:3264	ax:16172	gx:200	gy:-849	gz:-4135
12:10:03.981 -> a/g:	ax:4584	ay:3792	ax:14392	gx:316	gy:-455	gz:-4332
12:10:03.981 -> a/g:	ax:5068	ay:3680	ax:16088	gx:-140	gy:-667	gz:-4393
12:10:04.020 -> a/g:	ax:5196	ay:3364	ax:15764	gx:17	gy:-645	gz:-4381
12:10:04.020 -> a/g:	ax:5068	ay:2764	ax:15336	gx:-175	gy:-327	gz:-4192
12:10:04.020 -> a/g:	ax:5020	ay:3536	ax:16904	gx:64	gy:-421	gz:-4184
12:10:04.053 -> a/g:	ax:5116	ay:3436	ax:14696	gx:-35	gy:-284	gz:-4233
12:10:04.053 -> a/g:	ax:4720	ay:4040	ax:17044	gx:-409	gy:-59	gz:-4324
12:10:04.053 -> a/g:	ax:5596	ay:2572	ax:14644	gx:-255	gy:-553	gz:-4456
12:10:04.087 -> a/g:	ax:5740	ay:2828	ax:16944	gx:-268	gy:36	gz:-4346
12:10:04.087 -> a/g:	ax:5344	ay:3280	ax:14416	gx:-315	gy:-725	gz:-4288
12:10:04.123 -> a/g:	ax:5168	ay:3972	ax:16544	gx:-83	gy:804	gz:-4364
12:10:04.123 -> a/g:	ax:5152	ay:3400	ax:14924	gx:-586	gy:-982	gz:-4373
12:10:04.156 -> a/g:	ax:5576	ay:2624	ax:16832	gx:-234	gy:282	gz:-4279
12:10:04.156 -> a/g:	ax:5252	ay:2916	ax:16536	gx:-279	gy:-776	gz:-4152
12:10:04.156 -> a/g:	ax:4812	ay:4144	ax:15648	gx:-33	gy:387	gz:-4232
12:10:04.190 -> a/g:	ax:4368	ay:3972	ax:14792	gx:-502	gy:-709	gz:-4227
12:10:04.190 -> a/g:	ax:5352	ay:3188	ax:14608	gx:-68	gy:-21	gz:-4460
12:10:04.228 -> a/g:	ax:5604	ay:2196	ax:16248	gx:-330	gy:-520	gz:-4196
12:10:04.228 -> a/g:	ax:5256	ay:2836	ax:15420	gx:-102	gy:77	gz:-4070
12:10:04.228 -> a/g:	ax:4212	ay:3700	ax:15452	gx:79	gy:-715	gz:-4152
12:10:04.265 -> a/g:	ax:3928	ay:3676	ax:13580	gx:-364	gy:-891	gz:-4172
12:10:04.265 -> a/g:	ax:5084	ay:2968	ax:16672	gx:78	gy:-590	gz:-4330
12:10:04.301 -> a/g:	ax:5144	ay:1992	ax:15168	gx:-80	gy:-591	gz:-4104
12:10:04.301 -> a/g:	ax:4596	ay:3048	ax:16028	gx:21	gy:-585	gz:-4075
12:10:04.301 -> a/g:	ax:3552	ay:3384	ax:15764	gx:74	gy:-938	gz:-4103
12:10:04.334 -> a/g:	ax:4716	ay:3180	ax:15428	gx:105	gy:-680	gz:-4106
12:10:04.334 -> a/g:	ax:5008	ay:2516	ax:15660	gx:-98	gy:-809	gz:-4049
12:10:04.368 -> a/g:	ax:5344	ay:2160	ax:15452	gx:35	gy:-712	gz:-4042
12:10:04.368 -> a/g:	ax:4548	ay:3168	ax:16460	gx:92	gy:-753	gz:-4005
12:10:04.405 -> a/g:	ax:4016	ay:3560	ax:15188	gx:166	gy:-815	gz:-4042
12:10:04.405 -> a/g:	ax:4816	ay:2664	ax:16188	gx:-165	gy:-785	gz:-4010
12:10:04.405 -> a/g:	ax:4808	ay:2132	ax:14300	gx:-21	gy:-1432	gz:-3994
12:10:04.442 -> a/g:	ax:5256	ay:2924	ax:16256	gx:288	gy:-130	gz:-4105
12:10:04.442 -> a/g:	ax:4444	ay:2868	ax:14628	gx:-148	gy:-1245	gz:-3906
12:10:04.477 -> a/g:	ax:4028	ay:2716	ax:17284	gx:-7	gy:-759	gz:-3935
12:10:04.477 -> a/g:	ax:5100	ay:2036	ax:14528	gx:7	gy:-919	gz:-3906
12:10:04.477 -> a/g:	ax:5272	ay:2876	ax:16748	gx:123	gy:-979	gz:-3960
12:10:04.511 -> a/g:	ax:4896	ay:3116	ax:14568	gx:150	gy:-252	gz:-3993
12:10:04.511 -> a/g:	ax:5008	ay:3196	ax:17284	gx:123	gy:-514	gz:-4097
12:10:04.511 -> a/g:	ax:4864	ay:2416	ax:14296	gx:-196	gy:-1072	gz:-3915
12:10:04.545 -> a/g:	ax:5472	ay:2060	ax:17132	gx:-13	gy:-561	gz:-3947
12:10:04.545 -> a/g:	ax:4732	ay:2804	ax:15028	gx:161	gy:-638	gz:-3880
12:10:04.578 -> a/g:	ax:5004	ay:3248	ax:17824	gx:214	gy:466	gz:-3938
12:10:04.578 -> a/g:	ax:4336	ay:3044	ax:14100	gx:-418	gy:-2021	gz:-3780
12:10:04.612 -> a/g:	ax:5604	ay:2812	ax:16992	gx:228	gy:362	gz:-4034
12:10:04.612 -> a/g:	ax:5236	ay:2204	ax:13592	gx:-374	gy:-1191	gz:-3888
12:10:04.612 -> a/g:	ax:5736	ay:3124	ax:18852	gx:547	gy:1595	gz:-4192
12:10:04.646 -> a/g:	ax:3864	ay:3420	ax:12720	gx:-358	gy:-887	gz:-3823
12:10:04.646 -> a/g:	ax:5060	ay:3788	ax:17248	gx:183	gy:132	gz:-4102
12:10:04.678 -> a/g:	ax:5472	ay:2788	ax:15440	gx:-72	gy:-76	gz:-3761
12:10:04.678 -> a/g:	ax:4260	ay:3756	ax:16144	gx:87	gy:-130	gz:-3823
12:10:04.712 -> a/g:	ax:4036	ay:4604	ax:16192	gx:188	gy:435	gz:-3700
12:10:04.712 -> a/g:	ax:1984	ay:4400	ax:13336	gx:-12	gy:-178	gz:-3634
12:10:04.712 -> a/g:	ax:4452	ay:3468	ax:15740	gx:309	gy:383	gz:-3730
12:10:04.749 -> a/g:	ax:3196	ay:2640	ax:14732	gx:-313	gy:-662	gz:-3613
12:10:04.749 -> a/g:	ax:3240	ay:4096	ax:14560	gx:557	gy:764	gz:-3691
12:10:04.783 -> a/g:	ax:3184	ay:4124	ax:15068	gx:123	gy:-319	gz:-3730
12:10:04.783 -> a/g:	ax:2164	ay:4312	ax:15448	gx:332	gy:866	gz:-3603
12:10:04.817 -> a/g:	ax:2776	ay:3484	ax:13632	gx:116	gy:-998	gz:-3579
12:10:04.817 -> a/g:	ax:3028	ay:3244	ax:16948	gx:565	gy:534	gz:-3537
12:10:04.817 -> a/g:	ax:3260	ay:4016	ax:13476	gx:374	gy:-711	gz:-3448
12:10:04.854 -> a/g:	ax:2204	ay:4136	ax:16828	gx:509	gy:79	gz:-3406
12:10:04.854 -> a/g:	ax:3072	ay:2988	ax:14836	gx:253	gy:-71	gz:-3311
12:10:04.854 -> a/g:	ax:1872	ay:3216	ax:15872	gx:361	gy:-790	gz:-3289
12:10:04.887 -> a/g:	ax:2984	ay:3544	ax:15880	gx:717	gy:25	gz:-3236
12:10:04.887 -> a/g:	ax:3016	ay:4076	ax:15836	gx:383	gy:-609	gz:-3157
12:10:04.920 -> a/g:	ax:2412	ay:3884	ax:16032	gx:311	gy:-245	gz:-3182
12:10:04.920 -> a/g:	ax:2652	ay:3048	ax:15304	gx:257	gy:-476	gz:-3118
12:10:04.954 -> a/g:	ax:3188	ay:3196	ax:16280	gx:459	gy:-444	gz:-3109
12:10:04.954 -> a/g:	ax:2996	ay:3768	ax:15792	gx:401	gy:-682	gz:-3081
12:10:04.954 -> a/g:	ax:2864	ay:3936	ax:15812	gx:355	gy:-374	gz:-3038
12:10:04.992 -> a/g:	ax:3236	ay:3692	ax:14932	gx:266	gy:-820	gz:-3048
12:10:04.992 -> a/g:	ax:3312	ay:3092	ax:16264	gx:304	gy:-435	gz:-3030
12:10:05.028 -> a/g:	ax:2772	ay:3228	ax:15032	gx:249	gy:-618	gz:-3024
12:10:05.028 -> a/g:	ax:3452	ay:3840	ax:16896	gx:392	gy:-789	gz:-2974
12:10:05.028 -> a/g:	ax:3464	ay:3888	ax:14756	gx:119	gy:-607	gz:-3049
12:10:05.063 -> a/g:	ax:3652	ay:3112	ax:17080	gx:194	gy:-97	gz:-2923
12:10:05.063 -> a/g:	ax:3636	ay:3040	ax:14512	gx:138	gy:-1079	gz:-3015
12:10:05.096 -> a/g:	ax:3348	ay:3804	ax:16624	gx:332	gy:-340	gz:-2984
12:10:05.096 -> a/g:	ax:3904	ay:3380	ax:14880	gx:170	gy:-435	gz:-3007
12:10:05.096 -> a/g:	ax:3916	ay:3716	ax:15960	gx:210	gy:-693	gz:-3150
12:10:05.129 -> a/g:	ax:3996	ay:3520	ax:15344	gx:57	gy:-47	gz:-3204
12:10:05.129 -> a/g:	ax:3236	ay:3716	ax:15172	gx:166	gy:-507	gz:-3133
12:10:05.162 -> a/g:	ax:3900	ay:3784	ax:16748	gx:200	gy:-500	gz:-3232
12:10:05.162 -> a/g:	ax:3416	ay:3956	ax:15548	gx:26	gy:-283	gz:-3379
12:10:05.195 -> a/g:	ax:4136	ay:3912	ax:15804	gx:136	gy:-268	gz:-3639
12:10:05.195 -> a/g:	ax:3348	ay:3780	ax:15676	gx:68	gy:-283	gz:-3710
12:10:05.195 -> a/g:	ax:3908	ay:3960	ax:16756	gx:165	gy:71	gz:-3696
12:10:05.230 -> a/g:	ax:3220	ay:3860	ax:14664	gx:-68	gy:-352	gz:-3664
12:10:05.230 -> a/g:	ax:3760	ay:4000	ax:16028	gx:244	gy:-38	gz:-4011
12:10:05.264 -> a/g:	ax:3712	ay:3860	ax:15032	gx:133	gy:270	gz:-4293
12:10:05.264 -> a/g:	ax:3736	ay:3976	ax:15400	gx:181	gy:-364	gz:-4559
12:10:05.301 -> a/g:	ax:3804	ay:4080	ax:15640	gx:81	gy:44	gz:-4699
12:10:05.301 -> a/g:	ax:3688	ay:4052	ax:15580	gx:205	gy:-45	gz:-4704
12:10:05.301 -> a/g:	ax:3440	ay:4128	ax:15252	gx:297	gy:-71	gz:-4701
12:10:05.336 -> a/g:	ax:3396	ay:4264	ax:15164	gx:275	gy:-222	gz:-4524
12:10:05.336 -> a/g:	ax:3392	ay:4168	ax:15852	gx:147	gy:45	gz:-4171
12:10:05.336 -> a/g:	ax:2888	ay:3832	ax:15328	gx:160	gy:-215	gz:-3719
12:10:05.369 -> a/g:	ax:3180	ay:3840	ax:15868	gx:267	gy:60	gz:-3561
12:10:05.369 -> a/g:	ax:2400	ay:3956	ax:15052	gx:174	gy:-327	gz:-3379
12:10:05.402 -> a/g:	ax:2944	ay:3724	ax:15888	gx:258	gy:39	gz:-3287
12:10:05.402 -> a/g:	ax:2628	ay:3272	ax:15624	gx:53	gy:-303	gz:-3118
12:10:05.402 -> a/g:	ax:2704	ay:3360	ax:16008	gx:246	gy:272	gz:-3094
12:10:05.436 -> a/g:	ax:2944	ay:3200	ax:15684	gx:107	gy:-411	gz:-3069
12:10:05.436 -> a/g:	ax:2800	ay:3708	ax:16036	gx:236	gy:65	gz:-3179
12:10:05.469 -> a/g:	ax:2884	ay:3512	ax:15020	gx:-9	gy:-267	gz:-3206
12:10:05.469 -> a/g:	ax:2744	ay:3264	ax:16252	gx:153	gy:62	gz:-3170
12:10:05.503 -> a/g:	ax:2564	ay:3288	ax:14596	gx:49	gy:-567	gz:-3065
12:10:05.503 -> a/g:	ax:2604	ay:3704	ax:16944	gx:240	gy:172	gz:-3060
12:10:05.503 -> a/g:	ax:2176	ay:3596	ax:14676	gx:-90	gy:-373	gz:-2843
12:10:05.538 -> a/g:	ax:1884	ay:3632	ax:16160	gx:204	gy:78	gz:-2772
12:10:05.538 -> a/g:	ax:1868	ay:3180	ax:15056	gx:70	gy:-187	gz:-2676
12:10:05.575 -> a/g:	ax:2048	ay:3580	ax:16576	gx:185	gy:-178	gz:-2669
12:10:05.575 -> a/g:	ax:1744	ay:3592	ax:15216	gx:72	gy:45	gz:-2638
12:10:05.575 -> a/g:	ax:1616	ay:3424	ax:16088	gx:119	gy:-97	gz:-2687
12:10:05.609 -> a/g:	ax:2192	ay:3424	ax:15348	gx:94	gy:65	gz:-2754
12:10:05.609 -> a/g:	ax:1564	ay:3320	ax:15316	gx:100	gy:-95	gz:-2860
12:10:05.642 -> a/g:	ax:2008	ay:3392	ax:15828	gx:-12	gy:121	gz:-2928
12:10:05.642 -> a/g:	ax:1460	ay:3328	ax:15420	gx:30	gy:-121	gz:-2956
12:10:05.642 -> a/g:	ax:1716	ay:3224	ax:15740	gx:9	gy:342	gz:-2810
12:10:05.679 -> a/g:	ax:1332	ay:3072	ax:15308	gx:38	gy:-228	gz:-2695
12:10:05.679 -> a/g:	ax:1336	ay:3028	ax:16024	gx:141	gy:589	gz:-2497
12:10:05.714 -> a/g:	ax:1192	ay:3284	ax:14912	gx:-156	gy:-511	gz:-2197
12:10:05.714 -> a/g:	ax:720	ay:2848	ax:16676	gx:149	gy:425	gz:-2131
12:10:05.714 -> a/g:	ax:1208	ay:2896	ax:14660	gx:-118	gy:-199	gz:-2011
12:10:05.753 -> a/g:	ax:556	ay:2768	ax:16800	gx:43	gy:153	gz:-1971
12:10:05.753 -> a/g:	ax:1140	ay:2456	ax:15220	gx:-198	gy:71	gz:-1818
12:10:05.753 -> a/g:	ax:764	ay:2884	ax:16564	gx:48	gy:169	gz:-1770
12:10:05.786 -> a/g:	ax:1116	ay:2668	ax:14900	gx:-184	gy:142	gz:-1724
12:10:05.786 -> a/g:	ax:832	ay:2460	ax:16440	gx:-106	gy:120	gz:-1681
12:10:05.819 -> a/g:	ax:1292	ay:2808	ax:14972	gx:-99	gy:-25	gz:-1624
12:10:05.819 -> a/g:	ax:236	ay:2896	ax:15864	gx:-69	gy:505	gz:-1617
12:10:05.852 -> a/g:	ax:828	ay:2684	ax:14684	gx:-102	gy:117	gz:-1668
12:10:05.852 -> a/g:	ax:244	ay:2556	ax:15708	gx:-2	gy:50	gz:-1764
12:10:05.852 -> a/g:	ax:320	ay:2588	ax:14660	gx:-218	gy:199	gz:-1962
12:10:05.887 -> a/g:	ax:-268	ay:2464	ax:15208	gx:82	gy:234	gz:-2026
12:10:05.887 -> a/g:	ax:240	ay:2636	ax:14812	gx:132	gy:-164	gz:-2001
12:10:05.923 -> a/g:	ax:-496	ay:2444	ax:15548	gx:-21	gy:282	gz:-1994
12:10:05.923 -> a/g:	ax:436	ay:2348	ax:14276	gx:62	gy:-24	gz:-2066
12:10:05.923 -> a/g:	ax:-648	ay:2516	ax:15952	gx:208	gy:-273	gz:-2001
12:10:05.955 -> a/g:	ax:696	ay:2612	ax:15368	gx:230	gy:396	gz:-2221
12:10:05.955 -> a/g:	ax:-360	ay:2560	ax:15308	gx:78	gy:-547	gz:-2293
12:10:05.988 -> a/g:	ax:512	ay:2624	ax:16196	gx:240	gy:537	gz:-2243
12:10:05.988 -> a/g:	ax:368	ay:2732	ax:14960	gx:-7	gy:-454	gz:-2183
12:10:06.021 -> a/g:	ax:468	ay:2616	ax:16584	gx:276	gy:533	gz:-2129
12:10:06.021 -> a/g:	ax:216	ay:2732	ax:15364	gx:-64	gy:-325	gz:-2008
12:10:06.021 -> a/g:	ax:864	ay:2796	ax:16068	gx:259	gy:312	gz:-1898
12:10:06.056 -> a/g:	ax:268	ay:2624	ax:14720	gx:-215	gy:-249	gz:-1690
12:10:06.056 -> a/g:	ax:656	ay:2444	ax:15888	gx:195	gy:192	gz:-1363
12:10:06.092 -> a/g:	ax:324	ay:2636	ax:15796	gx:-25	gy:13	gz:-1042
12:10:06.092 -> a/g:	ax:-68	ay:2408	ax:16616	gx:-64	gy:187	gz:-821
12:10:06.092 -> a/g:	ax:248	ay:2736	ax:15204	gx:-127	gy:-98	gz:-699
12:10:06.127 -> a/g:	ax:-156	ay:2792	ax:16488	gx:-80	gy:261	gz:-637
12:10:06.127 -> a/g:	ax:636	ay:2464	ax:15216	gx:-210	gy:-222	gz:-645
12:10:06.127 -> a/g:	ax:-236	ay:2692	ax:16500	gx:-140	gy:165	gz:-615
12:10:06.163 -> a/g:	ax:344	ay:2960	ax:14964	gx:-290	gy:283	gz:-634
12:10:06.163 -> a/g:	ax:-456	ay:2728	ax:16140	gx:-193	gy:23	gz:-589
12:10:06.196 -> a/g:	ax:484	ay:2644	ax:14736	gx:-220	gy:250	gz:-551
12:10:06.196 -> a/g:	ax:-36	ay:2832	ax:16072	gx:-185	gy:-253	gz:-498
12:10:06.232 -> a/g:	ax:428	ay:2928	ax:14956	gx:-247	gy:819	gz:-574
12:10:06.232 -> a/g:	ax:-956	ay:2820	ax:15276	gx:-304	gy:-448	gz:-557
12:10:06.232 -> a/g:	ax:376	ay:2464	ax:15488	gx:-94	gy:737	gz:-499
12:10:06.269 -> a/g:	ax:72	ay:2484	ax:15544	gx:-374	gy:-33	gz:-474
12:10:06.269 -> a/g:	ax:-168	ay:2224	ax:14924	gx:-238	gy:685	gz:-363
12:10:06.269 -> a/g:	ax:-844	ay:2548	ax:15772	gx:-226	gy:-329	gz:-399
12:10:06.303 -> a/g:	ax:-160	ay:2604	ax:16348	gx:-156	gy:1175	gz:-355
12:10:06.303 -> a/g:	ax:-496	ay:2544	ax:13928	gx:-547	gy:-508	gz:-322
12:10:06.336 -> a/g:	ax:-196	ay:2292	ax:16276	gx:-63	gy:976	gz:-237
12:10:06.336 -> a/g:	ax:-292	ay:2544	ax:14296	gx:-496	gy:-89	gz:-270
12:10:06.370 -> a/g:	ax:-548	ay:2336	ax:16812	gx:-167	gy:815	gz:-191
12:10:06.370 -> a/g:	ax:-312	ay:2392	ax:14320	gx:-484	gy:282	gz:-194
12:10:06.370 -> a/g:	ax:-516	ay:2160	ax:16248	gx:-278	gy:183	gz:-120
12:10:06.408 -> a/g:	ax:-8	ay:1956	ax:15188	gx:-325	gy:558	gz:-66
12:10:06.408 -> a/g:	ax:-808	ay:2320	ax:15980	gx:-371	gy:233	gz:-102
12:10:06.408 -> a/g:	ax:-352	ay:2252	ax:15008	gx:-384	gy:477	gz:29
12:10:06.445 -> a/g:	ax:-808	ay:1880	ax:16376	gx:-327	gy:155	gz:21
12:10:06.445 -> a/g:	ax:-348	ay:1904	ax:14660	gx:-498	gy:353	gz:39
12:10:06.479 -> a/g:	ax:-736	ay:1832	ax:16364	gx:-261	gy:239	gz:70
12:10:06.479 -> a/g:	ax:-276	ay:1832	ax:14564	gx:-495	gy:226	gz:86
12:10:06.479 -> a/g:	ax:-1008	ay:1992	ax:16320	gx:-322	gy:274	gz:84
12:10:06.512 -> a/g:	ax:-292	ay:1840	ax:14924	gx:-376	gy:200	gz:120
12:10:06.512 -> a/g:	ax:-996	ay:2068	ax:16124	gx:-333	gy:34	gz:81
12:10:06.545 -> a/g:	ax:-340	ay:2084	ax:14736	gx:-373	gy:100	gz:174
12:10:06.545 -> a/g:	ax:-1476	ay:2316	ax:15680	gx:-341	gy:156	gz:163
12:10:06.545 -> a/g:	ax:-88	ay:1984	ax:15440	gx:-289	gy:287	gz:194
12:10:06.579 -> a/g:	ax:-1148	ay:2076	ax:15288	gx:-337	gy:-170	gz:185
12:10:06.579 -> a/g:	ax:-460	ay:1936	ax:15388	gx:-228	gy:468	gz:275
12:10:06.615 -> a/g:	ax:-1024	ay:2148	ax:15188	gx:-255	gy:-235	gz:263
12:10:06.615 -> a/g:	ax:-372	ay:1832	ax:16252	gx:-111	gy:550	gz:322
12:10:06.615 -> a/g:	ax:-840	ay:2296	ax:14708	gx:-349	gy:-346	gz:286
12:10:06.648 -> a/g:	ax:-1188	ay:2144	ax:16104	gx:-80	gy:574	gz:337
12:10:06.648 -> a/g:	ax:-616	ay:1956	ax:14724	gx:-279	gy:-148	gz:360
12:10:06.682 -> a/g:	ax:-832	ay:1976	ax:16456	gx:-32	gy:399	gz:422
12:10:06.682 -> a/g:	ax:-656	ay:1972	ax:15000	gx:-400	gy:7	gz:433
12:10:06.682 -> a/g:	ax:-828	ay:1948	ax:16336	gx:-87	gy:540	gz:449
12:10:06.718 -> a/g:	ax:-900	ay:2124	ax:14796	gx:-349	gy:14	gz:444
12:10:06.718 -> a/g:	ax:-688	ay:2092	ax:16624	gx:-96	gy:408	gz:438
12:10:06.752 -> a/g:	ax:-352	ay:2100	ax:14272	gx:-358	gy:137	gz:414
12:10:06.752 -> a/g:	ax:-932	ay:1884	ax:16032	gx:-146	gy:412	gz:480
12:10:06.752 -> a/g:	ax:-236	ay:1664	ax:14772	gx:-225	gy:179	gz:577
12:10:06.785 -> a/g:	ax:-1464	ay:1964	ax:16372	gx:-224	gy:273	gz:480
12:10:06.785 -> a/g:	ax:-564	ay:1836	ax:14832	gx:-238	gy:376	gz:604
12:10:06.820 -> a/g:	ax:-976	ay:1904	ax:16456	gx:-155	gy:66	gz:588
12:10:06.820 -> a/g:	ax:-584	ay:1952	ax:14804	gx:-281	gy:582	gz:552
12:10:06.820 -> a/g:	ax:-1376	ay:2076	ax:15784	gx:-246	gy:7	gz:499
12:10:06.852 -> a/g:	ax:-540	ay:1860	ax:15752	gx:-188	gy:761	gz:512
12:10:06.852 -> a/g:	ax:-1192	ay:2052	ax:15832	gx:-262	gy:-150	gz:533
12:10:06.888 -> a/g:	ax:-540	ay:2196	ax:16124	gx:-127	gy:1086	gz:564
12:10:06.888 -> a/g:	ax:-664	ay:2332	ax:14592	gx:-308	gy:-162	gz:581
12:10:06.922 -> a/g:	ax:-388	ay:2228	ax:15696	gx:-113	gy:993	gz:582
12:10:06.922 -> a/g:	ax:-648	ay:2092	ax:14492	gx:-385	gy:204	gz:553
12:10:06.922 -> a/g:	ax:-244	ay:1976	ax:15852	gx:5	gy:524	gz:631
12:10:06.956 -> a/g:	ax:-880	ay:2308	ax:14792	gx:-310	gy:364	gz:581
12:10:06.956 -> a/g:	ax:-1116	ay:2280	ax:15884	gx:-62	gy:526	gz:616
12:10:06.956 -> a/g:	ax:-728	ay:1996	ax:15144	gx:-184	gy:232	gz:674
12:10:06.990 -> a/g:	ax:-1192	ay:1824	ax:16328	gx:-177	gy:470	gz:566
12:10:06.990 -> a/g:	ax:-960	ay:2040	ax:14640	gx:-218	gy:281	gz:645
12:10:07.030 -> a/g:	ax:-1484	ay:2108	ax:16776	gx:-33	gy:422	gz:624
12:10:07.030 -> a/g:	ax:-784	ay:1956	ax:15136	gx:-255	gy:580	gz:587
12:10:07.030 -> a/g:	ax:-1480	ay:1920	ax:15900	gx:-169	gy:-27	gz:514
12:10:07.064 -> a/g:	ax:-236	ay:1844	ax:15512	gx:-116	gy:858	gz:630
12:10:07.064 -> a/g:	ax:-1288	ay:2024	ax:15680	gx:-296	gy:-50	gz:535
12:10:07.064 -> a/g:	ax:-348	ay:1956	ax:15984	gx:-39	gy:789	gz:620
12:10:07.099 -> a/g:	ax:-1200	ay:1940	ax:15624	gx:-245	gy:53	gz:565
12:10:07.099 -> a/g:	ax:-520	ay:2104	ax:15892	gx:-131	gy:862	gz:639
12:10:07.137 -> a/g:	ax:-996	ay:1964	ax:15448	gx:-223	gy:-24	gz:612
12:10:07.137 -> a/g:	ax:-844	ay:1828	ax:16544	gx:-78	gy:657	gz:645
12:10:07.170 -> a/g:	ax:-972	ay:2196	ax:15076	gx:-333	gy:272	gz:606
12:10:07.170 -> a/g:	ax:-1076	ay:1980	ax:16564	gx:-47	gy:570	gz:620
12:10:07.170 -> a/g:	ax:-708	ay:1880	ax:14796	gx:-246	gy:233	gz:602
12:10:07.206 -> a/g:	ax:-1448	ay:1700	ax:17012	gx:-23	gy:613	gz:610
12:10:07.206 -> a/g:	ax:-776	ay:1916	ax:14848	gx:-259	gy:392	gz:607
12:10:07.206 -> a/g:	ax:-1432	ay:2036	ax:16040	gx:-41	gy:391	gz:567
12:10:07.240 -> a/g:	ax:-672	ay:2064	ax:14992	gx:-175	gy:683	gz:566
12:10:07.240 -> a/g:	ax:-1584	ay:1904	ax:15236	gx:-119	gy:-117	gz:546
12:10:07.273 -> a/g:	ax:-408	ay:1704	ax:16172	gx:-44	gy:1003	gz:578
12:10:07.273 -> a/g:	ax:-1432	ay:1912	ax:15144	gx:-285	gy:-217	gz:557
12:10:07.273 -> a/g:	ax:-588	ay:1728	ax:16884	gx:158	gy:931	gz:616
12:10:07.307 -> a/g:	ax:-1100	ay:2244	ax:14676	gx:-316	gy:66	gz:489
12:10:07.307 -> a/g:	ax:-1136	ay:1996	ax:15748	gx:25	gy:741	gz:522
12:10:07.341 -> a/g:	ax:-480	ay:1636	ax:14728	gx:-249	gy:71	gz:580
12:10:07.341 -> a/g:	ax:-1048	ay:1572	ax:15712	gx:-80	gy:444	gz:589
12:10:07.341 -> a/g:	ax:-400	ay:1888	ax:14576	gx:-146	gy:414	gz:656
12:10:07.373 -> a/g:	ax:-1788	ay:1828	ax:16684	gx:5	gy:222	gz:616
12:10:07.373 -> a/g:	ax:-912	ay:2136	ax:15056	gx:-132	gy:405	gz:610
12:10:07.406 -> a/g:	ax:-1552	ay:1964	ax:15680	gx:-125	gy:100	gz:593
12:10:07.406 -> a/g:	ax:-436	ay:1560	ax:15308	gx:-38	gy:588	gz:675
12:10:07.440 -> a/g:	ax:-1520	ay:1872	ax:16012	gx:-204	gy:-11	gz:594
12:10:07.440 -> a/g:	ax:-852	ay:1792	ax:16168	gx:28	gy:849	gz:626
12:10:07.440 -> a/g:	ax:-1052	ay:2336	ax:15776	gx:-197	gy:-274	gz:649
12:10:07.473 -> a/g:	ax:-828	ay:1900	ax:15824	gx:-40	gy:1070	gz:670
12:10:07.473 -> a/g:	ax:-972	ay:2244	ax:14580	gx:-227	gy:-166	gz:700
12:10:07.506 -> a/g:	ax:-860	ay:1952	ax:16504	gx:33	gy:884	gz:665
12:10:07.506 -> a/g:	ax:-1348	ay:1964	ax:14316	gx:-407	gy:-68	gz:571
12:10:07.506 -> a/g:	ax:-1588	ay:1624	ax:16220	gx:80	gy:517	gz:637
12:10:07.539 -> a/g:	ax:-1028	ay:1516	ax:14912	gx:-182	gy:330	gz:597
12:10:07.539 -> a/g:	ax:-1448	ay:1736	ax:16132	gx:-13	gy:20	gz:588
12:10:07.575 -> a/g:	ax:-1144	ay:1652	ax:14944	gx:-124	gy:708	gz:654
12:10:07.575 -> a/g:	ax:-1980	ay:1900	ax:15920	gx:-216	gy:-129	gz:534
12:10:07.610 -> a/g:	ax:-244	ay:1500	ax:16480	gx:165	gy:770	gz:637
12:10:07.610 -> a/g:	ax:-1316	ay:1776	ax:15300	gx:-264	gy:-192	gz:572
12:10:07.610 -> a/g:	ax:-1148	ay:1484	ax:16268	gx:-21	gy:818	gz:616
12:10:07.646 -> a/g:	ax:-1088	ay:1732	ax:15040	gx:-117	gy:-96	gz:654
12:10:07.646 -> a/g:	ax:-848	ay:1668	ax:16840	gx:-17	gy:655	gz:644
12:10:07.646 -> a/g:	ax:-948	ay:1752	ax:14424	gx:-257	gy:85	gz:660
12:10:07.681 -> a/g:	ax:-1484	ay:1764	ax:16836	gx:109	gy:527	gz:629
12:10:07.681 -> a/g:	ax:-612	ay:1808	ax:15416	gx:-230	gy:315	gz:693
12:10:07.714 -> a/g:	ax:-1860	ay:1644	ax:16344	gx:-161	gy:147	gz:661
12:10:07.714 -> a/g:	ax:-812	ay:1868	ax:15620	gx:-65	gy:591	gz:741
12:10:07.714 -> a/g:	ax:-1648	ay:1680	ax:15852	gx:-204	gy:166	gz:682
12:10:07.747 -> a/g:	ax:-1212	ay:1428	ax:15812	gx:-105	gy:677	gz:751
12:10:07.747 -> a/g:	ax:-1552	ay:1920	ax:14980	gx:-199	gy:-17	gz:766
12:10:07.780 -> a/g:	ax:-1312	ay:1336	ax:16852	gx:-99	gy:773	gz:773
12:10:07.780 -> a/g:	ax:-1216	ay:1780	ax:14964	gx:-319	gy:74	gz:783
12:10:07.813 -> a/g:	ax:-1844	ay:1672	ax:16032	gx:-82	gy:270	gz:743
12:10:07.813 -> a/g:	ax:-1140	ay:1508	ax:15392	gx:-248	gy:797	gz:746
12:10:07.813 -> a/g:	ax:-1776	ay:1540	ax:15268	gx:-218	gy:-214	gz:741
12:10:07.847 -> a/g:	ax:-1320	ay:1260	ax:16056	gx:-86	gy:865	gz:829
12:10:07.847 -> a/g:	ax:-1848	ay:1616	ax:15184	gx:-271	gy:-314	gz:744
12:10:07.880 -> a/g:	ax:-1208	ay:1412	ax:17072	gx:58	gy:1004	gz:864
12:10:07.880 -> a/g:	ax:-1688	ay:1788	ax:14236	gx:-446	gy:-275	gz:779
12:10:07.880 -> a/g:	ax:-1452	ay:1296	ax:16372	gx:-18	gy:660	gz:850
12:10:07.918 -> a/g:	ax:-1336	ay:1244	ax:13932	gx:-264	gy:86	gz:825
12:10:07.918 -> a/g:	ax:-2028	ay:1284	ax:16612	gx:-28	gy:373	gz:801
12:10:07.954 -> a/g:	ax:-1288	ay:1336	ax:15292	gx:-138	gy:586	gz:877
12:10:07.954 -> a/g:	ax:-2112	ay:1264	ax:15680	gx:-177	gy:-265	gz:827
12:10:07.954 -> a/g:	ax:-1040	ay:960	ax:15932	gx:-30	gy:757	gz:903
12:10:07.992 -> a/g:	ax:-1860	ay:1272	ax:15560	gx:-189	gy:-135	gz:900
12:10:07.992 -> a/g:	ax:-1136	ay:1420	ax:16168	gx:31	gy:819	gz:919
12:10:08.027 -> a/g:	ax:-1852	ay:1508	ax:14944	gx:-290	gy:-211	gz:881
12:10:08.027 -> a/g:	ax:-1808	ay:1172	ax:15496	gx:-70	gy:637	gz:894
12:10:08.027 -> a/g:	ax:-1260	ay:988	ax:15452	gx:-168	gy:41	gz:999
12:10:08.060 -> a/g:	ax:-1784	ay:1208	ax:15956	gx:-167	gy:263	gz:1000
12:10:08.060 -> a/g:	ax:-1572	ay:1348	ax:15560	gx:-161	gy:793	gz:977
12:10:08.096 -> a/g:	ax:-2084	ay:1536	ax:15284	gx:-258	gy:-193	gz:937
12:10:08.096 -> a/g:	ax:-1376	ay:1008	ax:16616	gx:-116	gy:982	gz:1050
12:10:08.096 -> a/g:	ax:-1836	ay:1352	ax:14660	gx:-403	gy:-114	gz:1017
12:10:08.129 -> a/g:	ax:-2064	ay:1484	ax:16812	gx:-72	gy:831	gz:1059
12:10:08.129 -> a/g:	ax:-1660	ay:1060	ax:15208	gx:-410	gy:511	gz:1048
12:10:08.165 -> a/g:	ax:-2452	ay:1148	ax:16180	gx:-335	gy:207	gz:1002
12:10:08.165 -> a/g:	ax:-1420	ay:1120	ax:15328	gx:-240	gy:882	gz:1093
12:10:08.165 -> a/g:	ax:-2136	ay:1252	ax:15740	gx:-456	gy:155	gz:1070
12:10:08.199 -> a/g:	ax:-1496	ay:912	ax:16288	gx:-226	gy:968	gz:1168
12:10:08.199 -> a/g:	ax:-2172	ay:856	ax:15340	gx:-466	gy:144	gz:1106
12:10:08.236 -> a/g:	ax:-2180	ay:708	ax:15764	gx:-325	gy:673	gz:1223
12:10:08.236 -> a/g:	ax:-2012	ay:472	ax:15392	gx:-398	gy:614	gz:1263
12:10:08.236 -> a/g:	ax:-2308	ay:664	ax:15440	gx:-414	gy:162	gz:1184
12:10:08.269 -> a/g:	ax:-1904	ay:372	ax:16160	gx:-342	gy:894	gz:1225
12:10:08.269 -> a/g:	ax:-2444	ay:408	ax:14984	gx:-540	gy:-58	gz:1198
12:10:08.304 -> a/g:	ax:-2228	ay:252	ax:15952	gx:-230	gy:1007	gz:1276
12:10:08.304 -> a/g:	ax:-2112	ay:380	ax:14188	gx:-440	gy:-381	gz:1245
12:10:08.304 -> a/g:	ax:-2472	ay:220	ax:16704	gx:-206	gy:718	gz:1330
12:10:08.337 -> a/g:	ax:-1944	ay:224	ax:15092	gx:-433	gy:268	gz:1420
12:10:08.337 -> a/g:	ax:-2744	ay:-56	ax:15992	gx:-293	gy:-35	gz:1394
12:10:08.375 -> a/g:	ax:-1468	ay:-464	ax:16132	gx:-167	gy:712	gz:1454
12:10:08.375 -> a/g:	ax:-2400	ay:228	ax:15028	gx:-462	gy:-494	gz:1427
12:10:08.412 -> a/g:	ax:-1656	ay:-448	ax:17332	gx:10	gy:977	gz:1500
12:10:08.412 -> a/g:	ax:-2080	ay:328	ax:14228	gx:-577	gy:-439	gz:1499
12:10:08.412 -> a/g:	ax:-2172	ay:-536	ax:17012	gx:-74	gy:689	gz:1553
12:10:08.450 -> a/g:	ax:-932	ay:-324	ax:14932	gx:-389	gy:55	gz:1553
12:10:08.450 -> a/g:	ax:-2436	ay:-676	ax:16724	gx:-284	gy:407	gz:1573
12:10:08.450 -> a/g:	ax:-816	ay:-572	ax:15768	gx:-206	gy:431	gz:1686
12:10:08.485 -> a/g:	ax:-2164	ay:-8	ax:15920	gx:-353	gy:-112	gz:1636
12:10:08.485 -> a/g:	ax:-1248	ay:-1096	ax:16680	gx:-243	gy:950	gz:1689
12:10:08.485 -> a/g:	ax:-1828	ay:-644	ax:14972	gx:-430	gy:-201	gz:1732
12:10:08.521 -> a/g:	ax:-1848	ay:-732	ax:16768	gx:-137	gy:489	gz:1732
12:10:08.521 -> a/g:	ax:-988	ay:-952	ax:15828	gx:-332	gy:571	gz:1790
12:10:08.556 -> a/g:	ax:-2072	ay:-776	ax:16400	gx:-405	gy:68	gz:1744
12:10:08.556 -> a/g:	ax:-1220	ay:-1224	ax:16208	gx:-293	gy:876	gz:1770
12:10:08.593 -> a/g:	ax:-1808	ay:-572	ax:15204	gx:-420	gy:-242	gz:1773
12:10:08.593 -> a/g:	ax:-916	ay:-1144	ax:16780	gx:-125	gy:898	gz:1796
12:10:08.593 -> a/g:	ax:-828	ay:-1504	ax:14852	gx:-375	gy:80	gz:1838
12:10:08.627 -> a/g:	ax:-1708	ay:-1196	ax:17428	gx:-229	gy:688	gz:1799
12:10:08.627 -> a/g:	ax:-1356	ay:-1220	ax:14676	gx:-266	gy:387	gz:1886
12:10:08.627 -> a/g:	ax:-1548	ay:-1304	ax:16924	gx:-180	gy:83	gz:1890
12:10:08.663 -> a/g:	ax:-252	ay:-1716	ax:15404	gx:-288	gy:629	gz:1926
12:10:08.663 -> a/g:	ax:-1772	ay:-1284	ax:16260	gx:-315	gy:-45	gz:1906
12:10:08.696 -> a/g:	ax:-976	ay:-1668	ax:16212	gx:-85	gy:836	gz:1927
12:10:08.696 -> a/g:	ax:-1508	ay:-1500	ax:16128	gx:-278	gy:-202	gz:1895
12:10:08.734 -> a/g:	ax:-700	ay:-1336	ax:16008	gx:-55	gy:586	gz:1939
12:10:08.734 -> a/g:	ax:-632	ay:-1556	ax:15660	gx:-257	gy:41	gz:1946
12:10:08.734 -> a/g:	ax:-436	ay:-1696	ax:16424	gx:-37	gy:628	gz:1926
12:10:08.769 -> a/g:	ax:-920	ay:-1524	ax:15576	gx:-269	gy:-224	gz:1924
12:10:08.769 -> a/g:	ax:-656	ay:-1624	ax:16976	gx:128	gy:515	gz:1873
12:10:08.802 -> a/g:	ax:-180	ay:-1244	ax:15196	gx:-265	gy:-156	gz:1982
12:10:08.802 -> a/g:	ax:-896	ay:-1656	ax:16488	gx:-76	gy:405	gz:1827
12:10:08.802 -> a/g:	ax:68	ay:-1460	ax:15424	gx:-135	gy:116	gz:1889
12:10:08.836 -> a/g:	ax:-1072	ay:-1384	ax:17040	gx:-142	gy:436	gz:1817
12:10:08.836 -> a/g:	ax:-48	ay:-1516	ax:15444	gx:-189	gy:576	gz:1836
12:10:08.869 -> a/g:	ax:-656	ay:-1168	ax:16628	gx:-70	gy:-208	gz:1828
12:10:08.869 -> a/g:	ax:228	ay:-1376	ax:15328	gx:-182	gy:763	gz:1867
12:10:08.904 -> a/g:	ax:-660	ay:-1052	ax:16460	gx:-220	gy:-233	gz:1818
12:10:08.904 -> a/g:	ax:-96	ay:-1468	ax:15976	gx:-15	gy:915	gz:1830
12:10:08.904 -> a/g:	ax:-168	ay:-1400	ax:17084	gx:-276	gy:-14	gz:1771
12:10:08.939 -> a/g:	ax:-252	ay:-1468	ax:15068	gx:-117	gy:440	gz:1847
12:10:08.939 -> a/g:	ax:-920	ay:-892	ax:17364	gx:-109	gy:236	gz:1774
12:10:08.977 -> a/g:	ax:400	ay:-1136	ax:15548	gx:-185	gy:566	gz:1757
12:10:08.977 -> a/g:	ax:-588	ay:-1292	ax:17284	gx:-327	gy:-128	gz:1713
12:10:08.977 -> a/g:	ax:-72	ay:-1344	ax:15416	gx:-143	gy:955	gz:1739
12:10:09.012 -> a/g:	ax:-564	ay:-1092	ax:16808	gx:-91	gy:-17	gz:1701
12:10:09.012 -> a/g:	ax:540	ay:-1188	ax:15360	gx:-274	gy:602	gz:1747
12:10:09.046 -> a/g:	ax:-104	ay:-1336	ax:16932	gx:-140	gy:-29	gz:1731
12:10:09.046 -> a/g:	ax:600	ay:-1560	ax:15612	gx:-129	gy:860	gz:1668
12:10:09.046 -> a/g:	ax:-432	ay:-940	ax:17064	gx:-168	gy:-178	gz:1706
12:10:09.080 -> a/g:	ax:640	ay:-1348	ax:16084	gx:-5	gy:868	gz:1652
12:10:09.080 -> a/g:	ax:-520	ay:-952	ax:16780	gx:-259	gy:-309	gz:1667
12:10:09.114 -> a/g:	ax:652	ay:-1476	ax:15464	gx:-73	gy:564	gz:1596
12:10:09.114 -> a/g:	ax:124	ay:-1468	ax:17452	gx:-107	gy:126	gz:1536
12:10:09.114 -> a/g:	ax:412	ay:-868	ax:15096	gx:-83	gy:307	gz:1509
12:10:09.152 -> a/g:	ax:-36	ay:-1180	ax:17668	gx:-106	gy:278	gz:1485
12:10:09.152 -> a/g:	ax:1288	ay:-1032	ax:14780	gx:-85	gy:-221	gz:1446
12:10:09.152 -> a/g:	ax:460	ay:-1272	ax:16876	gx:-47	gy:309	gz:1407
12:10:09.186 -> a/g:	ax:1520	ay:-1612	ax:15456	gx:-69	gy:-81	gz:1368
12:10:09.186 -> a/g:	ax:944	ay:-1252	ax:17308	gx:116	gy:65	gz:1278
12:10:09.220 -> a/g:	ax:1256	ay:-924	ax:15488	gx:-88	gy:-233	gz:1244
12:10:09.220 -> a/g:	ax:1512	ay:-1284	ax:16988	gx:106	gy:-44	gz:1147
12:10:09.258 -> a/g:	ax:1780	ay:-1196	ax:16224	gx:26	gy:-56	gz:1098
12:10:09.258 -> a/g:	ax:1756	ay:-1068	ax:16104	gx:-91	gy:-206	gz:1049
12:10:09.258 -> a/g:	ax:1608	ay:-984	ax:16584	gx:145	gy:-58	gz:980
12:10:09.290 -> a/g:	ax:2048	ay:-1360	ax:16208	gx:-118	gy:272	gz:909
12:10:09.290 -> a/g:	ax:1624	ay:-1152	ax:16292	gx:-28	gy:-143	gz:918
12:10:09.290 -> a/g:	ax:2020	ay:-1128	ax:15252	gx:-12	gy:-57	gz:895
12:10:09.324 -> a/g:	ax:1760	ay:-1172	ax:17200	gx:-49	gy:101	gz:837
12:10:09.324 -> a/g:	ax:2240	ay:-1136	ax:15392	gx:-102	gy:-160	gz:798
12:10:09.361 -> a/g:	ax:1804	ay:-1100	ax:16716	gx:-144	gy:347	gz:731
12:10:09.361 -> a/g:	ax:1568	ay:-1236	ax:15852	gx:8	gy:-347	gz:757
12:10:09.361 -> a/g:	ax:2128	ay:-1344	ax:16732	gx:-29	gy:754	gz:695
12:10:09.397 -> a/g:	ax:1208	ay:-1160	ax:16516	gx:-261	gy:-700	gz:674
12:10:09.397 -> a/g:	ax:2032	ay:-1604	ax:16112	gx:-25	gy:1052	gz:635
12:10:09.432 -> a/g:	ax:1540	ay:-1384	ax:17380	gx:-256	gy:-530	gz:643
12:10:09.432 -> a/g:	ax:2104	ay:-1756	ax:16688	gx:6	gy:903	gz:612
12:10:09.469 -> a/g:	ax:1492	ay:-996	ax:17168	gx:-424	gy:-390	gz:559
12:10:09.469 -> a/g:	ax:2108	ay:-1104	ax:15548	gx:-9	gy:404	gz:539
12:10:09.469 -> a/g:	ax:1528	ay:-1576	ax:17072	gx:-318	gy:434	gz:463
12:10:09.505 -> a/g:	ax:1964	ay:-1244	ax:15712	gx:-123	gy:-272	gz:481
12:10:09.505 -> a/g:	ax:1576	ay:-1596	ax:17060	gx:-129	gy:880	gz:448
12:10:09.505 -> a/g:	ax:2000	ay:-1496	ax:16140	gx:-259	gy:-485	gz:426
12:10:09.542 -> a/g:	ax:1796	ay:-1556	ax:15952	gx:50	gy:754	gz:402
12:10:09.542 -> a/g:	ax:1996	ay:-1728	ax:17388	gx:-143	gy:268	gz:397
12:10:09.542 -> a/g:	ax:1992	ay:-1532	ax:15756	gx:-59	gy:-153	gz:402
12:10:09.574 -> a/g:	ax:960	ay:-1196	ax:17204	gx:-83	gy:701	gz:358
12:10:09.574 -> a/g:	ax:2368	ay:-1376	ax:15512	gx:-12	gy:-585	gz:350
12:10:09.609 -> a/g:	ax:1588	ay:-1720	ax:17528	gx:5	gy:1017	gz:318
12:10:09.609 -> a/g:	ax:1868	ay:-1428	ax:15860	gx:-210	gy:-734	gz:291
12:10:09.646 -> a/g:	ax:1756	ay:-1620	ax:16492	gx:194	gy:594	gz:276
12:10:09.646 -> a/g:	ax:1744	ay:-1480	ax:17340	gx:-169	gy:-120	gz:217
12:10:09.646 -> a/g:	ax:2360	ay:-1384	ax:14720	gx:60	gy:-163	gz:288
12:10:09.680 -> a/g:	ax:1136	ay:-1464	ax:17620	gx:46	gy:182	gz:208
12:10:09.680 -> a/g:	ax:2232	ay:-1232	ax:15244	gx:47	gy:-298	gz:212
12:10:09.713 -> a/g:	ax:1876	ay:-1204	ax:17092	gx:186	gy:323	gz:194
12:10:09.713 -> a/g:	ax:2308	ay:-1408	ax:16212	gx:-98	gy:-285	gz:178
12:10:09.713 -> a/g:	ax:2024	ay:-1280	ax:16840	gx:248	gy:471	gz:153
12:10:09.748 -> a/g:	ax:2128	ay:-1544	ax:16792	gx:-129	gy:-165	gz:131
12:10:09.748 -> a/g:	ax:1936	ay:-980	ax:15992	gx:71	gy:-400	gz:61
12:10:09.748 -> a/g:	ax:2172	ay:-1288	ax:17044	gx:25	gy:625	gz:88
12:10:09.781 -> a/g:	ax:2412	ay:-1136	ax:15996	gx:-52	gy:-580	gz:96
12:10:09.781 -> a/g:	ax:1968	ay:-1388	ax:16368	gx:35	gy:369	gz:14
12:10:09.818 -> a/g:	ax:2244	ay:-1548	ax:16944	gx:-69	gy:-138	gz:-27
12:10:09.818 -> a/g:	ax:2468	ay:-1372	ax:16780	gx:69	gy:31	gz:-11
12:10:09.818 -> a/g:	ax:1960	ay:-1532	ax:16228	gx:-148	gy:106	gz:-34
12:10:09.854 -> a/g:	ax:2176	ay:-1108	ax:16472	gx:119	gy:-173	gz:-85
12:10:09.854 -> a/g:	ax:2072	ay:-1484	ax:16416	gx:-36	gy:494	gz:-40
12:10:09.888 -> a/g:	ax:2156	ay:-1356	ax:16304	gx:-144	gy:-256	gz:-126
12:10:09.888 -> a/g:	ax:2288	ay:-1380	ax:16696	gx:131	gy:12	gz:-88
12:10:09.925 -> a/g:	ax:2380	ay:-1744	ax:16448	gx:-158	gy:548	gz:-102
12:10:09.925 -> a/g:	ax:1932	ay:-924	ax:16116	gx:27	gy:-626	gz:-144
12:10:09.925 -> a/g:	ax:2520	ay:-1716	ax:16700	gx:-44	gy:751	gz:-116
12:10:09.963 -> a/g:	ax:1748	ay:-1340	ax:16248	gx:-246	gy:-593	gz:-104
12:10:09.963 -> a/g:	ax:2136	ay:-1568	ax:16904	gx:237	gy:355	gz:-131
12:10:09.963 -> a/g:	ax:2272	ay:-1212	ax:16756	gx:-261	gy:17	gz:-200
12:10:09.996 -> a/g:	ax:1980	ay:-1092	ax:16172	gx:84	gy:384	gz:-129
12:10:09.996 -> a/g:	ax:1416	ay:-892	ax:16500	gx:-125	gy:-181	gz:-194
12:10:10.030 -> a/g:	ax:1512	ay:-608	ax:16684	gx:97	gy:633	gz:-203
12:10:10.030 -> a/g:	ax:1504	ay:-76	ax:16088	gx:29	gy:-392	gz:-173
12:10:10.065 -> a/g:	ax:1352	ay:304	ax:16244	gx:24	gy:534	gz:-182
12:10:10.065 -> a/g:	ax:1604	ay:-40	ax:16168	gx:136	gy:28	gz:-231
12:10:10.065 -> a/g:	ax:492	ay:88	ax:15348	gx:-77	gy:323	gz:-259
12:10:10.065 -> a/g:	ax:800	ay:752	ax:16696	gx:238	gy:6	gz:-222
12:10:10.097 -> a/g:	ax:1056	ay:920	ax:15308	gx:151	gy:-66	gz:-276
12:10:10.130 -> a/g:	ax:176	ay:600	ax:17708	gx:-33	gy:258	gz:-291
12:10:10.130 -> a/g:	ax:1556	ay:604	ax:14768	gx:244	gy:-207	gz:-293
12:10:10.130 -> a/g:	ax:-180	ay:900	ax:16608	gx:95	gy:546	gz:-301
12:10:10.130 -> a/g:	ax:456	ay:1744	ax:15400	gx:85	gy:-1	gz:-352
12:10:10.167 -> a/g:	ax:440	ay:2068	ax:16160	gx:419	gy:7	gz:-379
12:10:10.167 -> a/g:	ax:-204	ay:1132	ax:16152	gx:-168	gy:207	gz:-404
12:10:10.204 -> a/g:	ax:732	ay:1112	ax:15828	gx:289	gy:182	gz:-385
12:10:10.204 -> a/g:	ax:116	ay:1148	ax:15696	gx:211	gy:-111	gz:-356
12:10:10.204 -> a/g:	ax:-96	ay:1616	ax:16212	gx:24	gy:640	gz:-386
12:10:10.238 -> a/g:	ax:524	ay:1828	ax:16064	gx:379	gy:-514	gz:-354
12:10:10.238 -> a/g:	ax:216	ay:1408	ax:16364	gx:-83	gy:641	gz:-372
12:10:10.272 -> a/g:	ax:328	ay:1408	ax:15552	gx:-37	gy:-72	gz:-378
12:10:10.272 -> a/g:	ax:344	ay:1160	ax:15808	gx:321	gy:132	gz:-355
12:10:10.309 -> a/g:	ax:72	ay:1444	ax:16488	gx:-141	gy:353	gz:-404
12:10:10.309 -> a/g:	ax:512	ay:1704	ax:15588	gx:116	gy:-177	gz:-378
12:10:10.309 -> a/g:	ax:-156	ay:920	ax:16164	gx:-105	gy:313	gz:-348
12:10:10.342 -> a/g:	ax:616	ay:1132	ax:15476	gx:-18	gy:-103	gz:-366
12:10:10.342 -> a/g:	ax:-24	ay:1316	ax:15828	gx:119	gy:164	gz:-344
12:10:10.342 -> a/g:	ax:488	ay:1356	ax:15764	gx:-179	gy:323	gz:-394
12:10:10.376 -> a/g:	ax:4	ay:1476	ax:15372	gx:72	gy:-334	gz:-326
12:10:10.376 -> a/g:	ax:404	ay:1140	ax:15844	gx:-25	gy:425	gz:-408
12:10:10.411 -> a/g:	ax:408	ay:1180	ax:15536	gx:-81	gy:-197	gz:-398
12:10:10.411 -> a/g:	ax:272	ay:1344	ax:15632	gx:122	gy:210	gz:-407
12:10:10.411 -> a/g:	ax:-76	ay:1088	ax:15380	gx:-191	gy:-15	gz:-383
12:10:10.445 -> a/g:	ax:376	ay:1164	ax:15696	gx:125	gy:106	gz:-401
12:10:10.445 -> a/g:	ax:156	ay:1180	ax:15708	gx:-34	gy:-8	gz:-424
12:10:10.480 -> a/g:	ax:140	ay:1288	ax:15132	gx:-8	gy:111	gz:-402
12:10:10.480 -> a/g:	ax:200	ay:1424	ax:16036	gx:199	gy:4	gz:-449
12:10:10.480 -> a/g:	ax:388	ay:1232	ax:15476	gx:-61	gy:88	gz:-442
12:10:10.513 -> a/g:	ax:1848	ay:664	ax:17404	gx:152	gy:-295	gz:-492
12:10:10.513 -> a/g:	ax:1932	ay:604	ax:16668	gx:61	gy:285	gz:-528
12:10:10.513 -> a/g:	ax:1428	ay:516	ax:17128	gx:-224	gy:546	gz:-518
12:10:10.548 -> a/g:	ax:3060	ay:824	ax:16668	gx:336	gy:-555	gz:-559
12:10:10.548 -> a/g:	ax:1420	ay:-1080	ax:20572	gx:-46	gy:1605	gz:-592
12:10:10.582 -> a/g:	ax:1756	ay:-520	ax:17392	gx:-940	gy:-210	gz:-586
12:10:10.582 -> a/g:	ax:500	ay:40	ax:19744	gx:566	gy:2571	gz:-554
12:10:10.582 -> a/g:	ax:972	ay:1144	ax:17360	gx:-1099	gy:-139	gz:-614
12:10:10.614 -> a/g:	ax:1376	ay:1084	ax:16192	gx:-24	gy:2521	gz:-708
12:10:10.614 -> a/g:	ax:2556	ay:676	ax:16084	gx:-560	gy:194	gz:-648
12:10:10.650 -> a/g:	ax:1284	ay:444	ax:15132	gx:-548	gy:2504	gz:-618
12:10:10.650 -> a/g:	ax:324	ay:896	ax:16676	gx:129	gy:531	gz:-610
12:10:10.650 -> a/g:	ax:380	ay:696	ax:15856	gx:-247	gy:1858	gz:-667
12:10:10.688 -> a/g:	ax:-1052	ay:936	ax:17908	gx:-196	gy:1050	gz:-630
12:10:10.688 -> a/g:	ax:0	ay:724	ax:14164	gx:111	gy:1324	gz:-690
12:10:10.688 -> a/g:	ax:-444	ay:1724	ax:16564	gx:162	gy:869	gz:-732
12:10:10.723 -> a/g:	ax:-592	ay:1496	ax:14036	gx:157	gy:1410	gz:-777
12:10:10.723 -> a/g:	ax:-2440	ay:1376	ax:16412	gx:-133	gy:994	gz:-995
12:10:10.756 -> a/g:	ax:-1348	ay:1116	ax:14732	gx:361	gy:750	gz:-836
12:10:10.756 -> a/g:	ax:-1684	ay:856	ax:15604	gx:8	gy:1149	gz:-873
12:10:10.791 -> a/g:	ax:-1320	ay:1352	ax:14508	gx:258	gy:604	gz:-849
12:10:10.791 -> a/g:	ax:-1008	ay:1344	ax:15428	gx:452	gy:856	gz:-741
12:10:10.791 -> a/g:	ax:-1544	ay:1544	ax:14952	gx:-137	gy:536	gz:-721
12:10:10.823 -> a/g:	ax:-496	ay:1372	ax:14368	gx:359	gy:313	gz:-592
12:10:10.823 -> a/g:	ax:-1272	ay:1224	ax:14900	gx:150	gy:468	gz:-601
12:10:10.857 -> a/g:	ax:-1192	ay:1692	ax:14796	gx:257	gy:631	gz:-527
12:10:10.857 -> a/g:	ax:-1688	ay:1376	ax:14936	gx:195	gy:55	gz:-458
12:10:10.892 -> a/g:	ax:-1792	ay:888	ax:15000	gx:17	gy:326	gz:-446
12:10:10.892 -> a/g:	ax:-952	ay:1220	ax:14472	gx:365	gy:-107	gz:-329
12:10:10.892 -> a/g:	ax:-1420	ay:1412	ax:15308	gx:184	gy:382	gz:-362
12:10:10.930 -> a/g:	ax:-1168	ay:2100	ax:14512	gx:252	gy:59	gz:-304
12:10:10.930 -> a/g:	ax:-1840	ay:1992	ax:15252	gx:175	gy:-58	gz:-409
12:10:10.930 -> a/g:	ax:-944	ay:1816	ax:14556	gx:61	gy:-56	gz:-446
12:10:10.964 -> a/g:	ax:-840	ay:2080	ax:14748	gx:269	gy:-239	gz:-483
12:10:10.964 -> a/g:	ax:-1288	ay:2136	ax:14624	gx:214	gy:101	gz:-512
12:10:11.000 -> a/g:	ax:-816	ay:2520	ax:15640	gx:322	gy:-308	gz:-530
12:10:11.000 -> a/g:	ax:-660	ay:2132	ax:14888	gx:84	gy:-304	gz:-560
12:10:11.000 -> a/g:	ax:-304	ay:1888	ax:15524	gx:232	gy:-113	gz:-537
12:10:11.038 -> a/g:	ax:-48	ay:2544	ax:14740	gx:315	gy:-361	gz:-586
12:10:11.038 -> a/g:	ax:-692	ay:2828	ax:15724	gx:261	gy:3	gz:-678
12:10:11.038 -> a/g:	ax:-404	ay:2872	ax:15420	gx:124	gy:-469	gz:-654
12:10:11.072 -> a/g:	ax:-820	ay:2368	ax:16032	gx:119	gy:29	gz:-655
12:10:11.072 -> a/g:	ax:-108	ay:2620	ax:15412	gx:82	gy:-248	gz:-670
12:10:11.106 -> a/g:	ax:-444	ay:2696	ax:16284	gx:232	gy:108	gz:-699
12:10:11.106 -> a/g:	ax:-616	ay:2576	ax:15956	gx:-118	gy:338	gz:-711
12:10:11.140 -> a/g:	ax:-584	ay:2736	ax:16412	gx:-36	gy:-136	gz:-672
12:10:11.140 -> a/g:	ax:-604	ay:2344	ax:16204	gx:-14	gy:437	gz:-671
12:10:11.140 -> a/g:	ax:-348	ay:2840	ax:15828	gx:-168	gy:232	gz:-806
12:10:11.179 -> a/g:	ax:-568	ay:2860	ax:16064	gx:74	gy:354	gz:-742
12:10:11.179 -> a/g:	ax:-812	ay:2628	ax:15648	gx:-303	gy:293	gz:-775
12:10:11.179 -> a/g:	ax:-868	ay:2364	ax:15952	gx:-103	gy:357	gz:-747
12:10:11.214 -> a/g:	ax:-448	ay:2316	ax:16052	gx:18	gy:375	gz:-701
12:10:11.214 -> a/g:	ax:-964	ay:2624	ax:15664	gx:-171	gy:442	gz:-772
12:10:11.248 -> a/g:	ax:-1168	ay:2284	ax:16036	gx:-36	gy:400	gz:-732
12:10:11.248 -> a/g:	ax:-1220	ay:1932	ax:15472	gx:-147	gy:318	gz:-746
12:10:11.248 -> a/g:	ax:-956	ay:2032	ax:15504	gx:-80	gy:106	gz:-791
12:10:11.284 -> a/g:	ax:-1052	ay:2036	ax:15668	gx:61	gy:285	gz:-711
12:10:11.284 -> a/g:	ax:-1180	ay:2572	ax:15912	gx:-50	gy:183	gz:-773
12:10:11.321 -> a/g:	ax:-1324	ay:2380	ax:15336	gx:-13	gy:156	gz:-781
12:10:11.321 -> a/g:	ax:-1140	ay:2052	ax:15308	gx:6	gy:52	gz:-835
12:10:11.321 -> a/g:	ax:-972	ay:1928	ax:15316	gx:102	gy:161	gz:-776
12:10:11.354 -> a/g:	ax:-1312	ay:2096	ax:15552	gx:176	gy:143	gz:-801
12:10:11.354 -> a/g:	ax:-1084	ay:2420	ax:15804	gx:94	gy:64	gz:-882
12:10:11.389 -> a/g:	ax:-1080	ay:2400	ax:15428	gx:135	gy:-60	gz:-821
12:10:11.389 -> a/g:	ax:-464	ay:2192	ax:14800	gx:154	gy:-63	gz:-834
12:10:11.389 -> a/g:	ax:-792	ay:2188	ax:15820	gx:219	gy:110	gz:-877
12:10:11.429 -> a/g:	ax:-700	ay:2432	ax:15268	gx:228	gy:-52	gz:-828
12:10:11.429 -> a/g:	ax:-592	ay:2644	ax:16044	gx:280	gy:-22	gz:-890
12:10:11.429 -> a/g:	ax:-564	ay:2244	ax:15792	gx:96	gy:97	gz:-866
12:10:11.459 -> a/g:	ax:-716	ay:2236	ax:15588	gx:274	gy:-167	gz:-843
12:10:11.459 -> a/g:	ax:-116	ay:2388	ax:15916	gx:251	gy:211	gz:-867
12:10:11.495 -> a/g:	ax:-844	ay:2468	ax:15440	gx:156	gy:-4	gz:-944
12:10:11.495 -> a/g:	ax:-660	ay:2564	ax:15748	gx:186	gy:-189	gz:-880
12:10:11.495 -> a/g:	ax:-844	ay:2352	ax:15708	gx:206	gy:206	gz:-955
12:10:11.532 -> a/g:	ax:-532	ay:2580	ax:15444	gx:226	gy:-195	gz:-992
12:10:11.532 -> a/g:	ax:-692	ay:2824	ax:15144	gx:182	gy:-6	gz:-1033
12:10:11.565 -> a/g:	ax:-656	ay:2532	ax:15668	gx:185	gy:75	gz:-1061
12:10:11.565 -> a/g:	ax:-596	ay:2480	ax:14848	gx:123	gy:-137	gz:-1040
12:10:11.565 -> a/g:	ax:-720	ay:2412	ax:15380	gx:270	gy:-96	gz:-1035
12:10:11.599 -> a/g:	ax:-272	ay:2748	ax:15224	gx:195	gy:-15	gz:-1044
12:10:11.599 -> a/g:	ax:-612	ay:2768	ax:15524	gx:223	gy:-117	gz:-1062
12:10:11.637 -> a/g:	ax:-460	ay:2668	ax:15280	gx:83	gy:-139	gz:-1154
12:10:11.637 -> a/g:	ax:-336	ay:2408	ax:15596	gx:203	gy:-82	gz:-1169
12:10:11.637 -> a/g:	ax:-340	ay:2400	ax:16216	gx:163	gy:-144	gz:-1161
12:10:11.672 -> a/g:	ax:-328	ay:2772	ax:15444	gx:146	gy:-43	gz:-1177
12:10:11.672 -> a/g:	ax:-664	ay:2844	ax:15696	gx:116	gy:-111	gz:-1221
12:10:11.705 -> a/g:	ax:-636	ay:2228	ax:15568	gx:116	gy:194	gz:-1223
12:10:11.705 -> a/g:	ax:-332	ay:2348	ax:15364	gx:110	gy:-321	gz:-1238
12:10:11.705 -> a/g:	ax:-820	ay:2428	ax:15928	gx:191	gy:192	gz:-1278
12:10:11.740 -> a/g:	ax:-348	ay:2608	ax:16324	gx:143	gy:-170	gz:-1257
12:10:11.740 -> a/g:	ax:-500	ay:2592	ax:15952	gx:207	gy:53	gz:-1329
12:10:11.778 -> a/g:	ax:-240	ay:2356	ax:15932	gx:74	gy:61	gz:-1298
12:10:11.778 -> a/g:	ax:-724	ay:2328	ax:15992	gx:147	gy:33	gz:-1329
12:10:11.778 -> a/g:	ax:-256	ay:2244	ax:15940	gx:209	gy:11	gz:-1330
12:10:11.814 -> a/g:	ax:-320	ay:2592	ax:16048	gx:85	gy:5	gz:-1356
12:10:11.814 -> a/g:	ax:-160	ay:2860	ax:15784	gx:146	gy:-19	gz:-1442
12:10:11.847 -> a/g:	ax:-356	ay:2932	ax:15124	gx:142	gy:386	gz:-1418
12:10:11.847 -> a/g:	ax:-764	ay:2632	ax:16188	gx:91	gy:43	gz:-1504
12:10:11.847 -> a/g:	ax:-764	ay:2616	ax:14472	gx:242	gy:-278	gz:-1525
12:10:11.880 -> a/g:	ax:-756	ay:2500	ax:15328	gx:108	gy:-15	gz:-1507
12:10:11.880 -> a/g:	ax:-396	ay:2052	ax:15300	gx:223	gy:227	gz:-1443
12:10:11.915 -> a/g:	ax:-616	ay:2392	ax:14912	gx:302	gy:-526	gz:-1402
12:10:11.915 -> a/g:	ax:-1772	ay:1968	ax:15552	gx:138	gy:506	gz:-1556
12:10:11.951 -> a/g:	ax:-792	ay:2748	ax:15424	gx:377	gy:-628	gz:-1524
12:10:11.951 -> a/g:	ax:-120	ay:2676	ax:16468	gx:364	gy:4	gz:-1498
12:10:11.951 -> a/g:	ax:-640	ay:2260	ax:15296	gx:-9	gy:49	gz:-1587
12:10:11.987 -> a/g:	ax:-776	ay:2412	ax:15588	gx:382	gy:70	gz:-1589
12:10:11.987 -> a/g:	ax:-384	ay:2576	ax:16320	gx:273	gy:-127	gz:-1510
12:10:11.987 -> a/g:	ax:-544	ay:2472	ax:15372	gx:40	gy:20	gz:-1545
12:10:12.020 -> a/g:	ax:-236	ay:2256	ax:15896	gx:383	gy:-224	gz:-1485
12:10:12.020 -> a/g:	ax:-72	ay:2648	ax:15548	gx:247	gy:-286	gz:-1506
12:10:12.054 -> a/g:	ax:-576	ay:2584	ax:15780	gx:266	gy:418	gz:-1494
12:10:12.054 -> a/g:	ax:-748	ay:2716	ax:15948	gx:296	gy:-269	gz:-1512
12:10:12.054 -> a/g:	ax:-300	ay:2816	ax:16108	gx:306	gy:-360	gz:-1530
12:10:12.089 -> a/g:	ax:-680	ay:2352	ax:15668	gx:187	gy:105	gz:-1576
12:10:12.089 -> a/g:	ax:-528	ay:2528	ax:16052	gx:341	gy:36	gz:-1565
12:10:12.127 -> a/g:	ax:-860	ay:2516	ax:15792	gx:225	gy:-187	gz:-1615
12:10:12.127 -> a/g:	ax:-992	ay:2192	ax:16416	gx:79	gy:93	gz:-1646
12:10:12.127 -> a/g:	ax:-8	ay:2828	ax:14644	gx:344	gy:-399	gz:-1686
12:10:12.165 -> a/g:	ax:-300	ay:2660	ax:16588	gx:269	gy:276	gz:-1672
12:10:12.165 -> a/g:	ax:-152	ay:3084	ax:14300	gx:123	gy:-149	gz:-1756
12:10:12.202 -> a/g:	ax:-1240	ay:2892	ax:15276	gx:304	gy:-86	gz:-1729
12:10:12.202 -> a/g:	ax:-656	ay:2412	ax:15596	gx:167	gy:-255	gz:-1797
12:10:12.202 -> a/g:	ax:-324	ay:2320	ax:15184	gx:190	gy:-294	gz:-1706
12:10:12.239 -> a/g:	ax:-860	ay:2148	ax:15332	gx:240	gy:-46	gz:-1677
12:10:12.239 -> a/g:	ax:-704	ay:2792	ax:15344	gx:176	gy:-327	gz:-1693
12:10:12.239 -> a/g:	ax:-1276	ay:2348	ax:15508	gx:261	gy:212	gz:-1738
12:10:12.272 -> a/g:	ax:-460	ay:3060	ax:15132	gx:109	gy:-660	gz:-1746
12:10:12.272 -> a/g:	ax:-488	ay:2412	ax:15188	gx:211	gy:103	gz:-1655
12:10:12.307 -> a/g:	ax:-496	ay:2252	ax:15840	gx:138	gy:64	gz:-1699
12:10:12.307 -> a/g:	ax:-776	ay:2864	ax:14684	gx:195	gy:-375	gz:-1650
12:10:12.344 -> a/g:	ax:-1248	ay:1944	ax:16228	gx:84	gy:153	gz:-1629
12:10:12.344 -> a/g:	ax:-204	ay:2088	ax:14656	gx:64	gy:-365	gz:-1623
12:10:12.344 -> a/g:	ax:-456	ay:2424	ax:15952	gx:410	gy:-183	gz:-1613
12:10:12.380 -> a/g:	ax:-204	ay:2316	ax:15868	gx:29	gy:126	gz:-1607
12:10:12.380 -> a/g:	ax:-1008	ay:2824	ax:15480	gx:207	gy:-384	gz:-1642
12:10:12.380 -> a/g:	ax:-568	ay:2336	ax:16124	gx:223	gy:-231	gz:-1583
12:10:12.416 -> a/g:	ax:-320	ay:2168	ax:14952	gx:20	gy:-378	gz:-1625
12:10:12.416 -> a/g:	ax:-660	ay:2096	ax:15876	gx:336	gy:-139	gz:-1625
12:10:12.449 -> a/g:	ax:-460	ay:2312	ax:15292	gx:67	gy:-324	gz:-1622
12:10:12.449 -> a/g:	ax:-832	ay:1668	ax:15860	gx:195	gy:-228	gz:-1634
12:10:12.482 -> a/g:	ax:0	ay:1828	ax:15596	gx:189	gy:-382	gz:-1670
12:10:12.482 -> a/g:	ax:-712	ay:2516	ax:15340	gx:257	gy:-536	gz:-1677
12:10:12.482 -> a/g:	ax:272	ay:2592	ax:16620	gx:262	gy:-172	gz:-1676
12:10:12.516 -> a/g:	ax:-536	ay:2324	ax:15348	gx:6	gy:-793	gz:-1728
12:10:12.516 -> a/g:	ax:176	ay:1280	ax:15244	gx:-11	gy:-414	gz:-1581
12:10:12.516 -> a/g:	ax:-8	ay:1284	ax:14484	gx:148	gy:-444	gz:-1569
12:10:12.549 -> a/g:	ax:-464	ay:1828	ax:14532	gx:361	gy:-255	gz:-1597
12:10:12.549 -> a/g:	ax:968	ay:1712	ax:17172	gx:281	gy:-1533	gz:-1543
12:10:12.583 -> a/g:	ax:3120	ay:952	ax:16848	gx:248	gy:-777	gz:-1448
12:10:12.583 -> a/g:	ax:2896	ay:280	ax:20808	gx:-83	gy:398	gz:-1338
12:10:12.619 -> a/g:	ax:1932	ay:2628	ax:14912	gx:-178	gy:-1275	gz:-1266
12:10:12.619 -> a/g:	ax:-1960	ay:668	ax:25348	gx:54	gy:2017	gz:-1388
12:10:12.619 -> a/g:	ax:-1412	ay:2572	ax:12916	gx:-892	gy:-1091	gz:-1666
12:10:12.656 -> a/g:	ax:-1428	ay:436	ax:22416	gx:-638	gy:513	gz:-1606
12:10:12.656 -> a/g:	ax:248	ay:-340	ax:14348	gx:-1551	gy:363	gz:-1762
12:10:12.689 -> a/g:	ax:1304	ay:824	ax:18640	gx:-222	gy:-88	gz:-1771
12:10:12.689 -> a/g:	ax:212	ay:804	ax:15396	gx:-1378	gy:1325	gz:-1755
12:10:12.727 -> a/g:	ax:72	ay:1448	ax:16292	gx:-1003	gy:-191	gz:-1829
12:10:12.727 -> a/g:	ax:984	ay:940	ax:14396	gx:-787	gy:801	gz:-1750
12:10:12.727 -> a/g:	ax:1228	ay:448	ax:14764	gx:-776	gy:-795	gz:-1745
12:10:12.761 -> a/g:	ax:3228	ay:624	ax:13208	gx:-118	gy:418	gz:-1763
12:10:12.761 -> a/g:	ax:-236	ay:620	ax:15352	gx:-414	gy:194	gz:-1810
12:10:12.761 -> a/g:	ax:412	ay:-128	ax:13340	gx:-437	gy:-7	gz:-1672
12:10:12.798 -> a/g:	ax:-1140	ay:-996	ax:15188	gx:-34	gy:-350	gz:-1734
12:10:12.798 -> a/g:	ax:-340	ay:-1192	ax:14336	gx:-86	gy:300	gz:-1630
12:10:12.835 -> a/g:	ax:-556	ay:108	ax:15496	gx:283	gy:-718	gz:-1635
12:10:12.835 -> a/g:	ax:-628	ay:-84	ax:15328	gx:21	gy:878	gz:-1605
12:10:12.835 -> a/g:	ax:-476	ay:188	ax:14792	gx:-159	gy:-629	gz:-1630
12:10:12.872 -> a/g:	ax:-932	ay:-1012	ax:15916	gx:255	gy:600	gz:-1566
12:10:12.872 -> a/g:	ax:-176	ay:-332	ax:15348	gx:152	gy:-328	gz:-1480
12:10:12.910 -> a/g:	ax:-472	ay:280	ax:16404	gx:403	gy:320	gz:-1449
12:10:12.910 -> a/g:	ax:596	ay:156	ax:15832	gx:105	gy:-85	gz:-1309
12:10:12.910 -> a/g:	ax:88	ay:-656	ax:14216	gx:134	gy:-131	gz:-1257
12:10:12.943 -> a/g:	ax:280	ay:-624	ax:16696	gx:375	gy:303	gz:-1180
12:10:12.943 -> a/g:	ax:280	ay:352	ax:14828	gx:485	gy:-293	gz:-1108
12:10:12.943 -> a/g:	ax:208	ay:388	ax:17112	gx:433	gy:-243	gz:-1134
12:10:12.976 -> a/g:	ax:756	ay:48	ax:15596	gx:192	gy:-95	gz:-1169
12:10:12.976 -> a/g:	ax:388	ay:-16	ax:15460	gx:303	gy:-378	gz:-1085
12:10:13.009 -> a/g:	ax:-292	ay:-872	ax:16200	gx:287	gy:169	gz:-1168
12:10:13.009 -> a/g:	ax:-452	ay:-220	ax:16072	gx:432	gy:-265	gz:-1206
12:10:13.009 -> a/g:	ax:-476	ay:260	ax:17080	gx:269	gy:-550	gz:-1219
12:10:13.046 -> a/g:	ax:812	ay:-236	ax:16236	gx:201	gy:-14	gz:-1230
12:10:13.046 -> a/g:	ax:1080	ay:-132	ax:15904	gx:281	gy:-635	gz:-1242
12:10:13.079 -> a/g:	ax:660	ay:196	ax:16496	gx:310	gy:42	gz:-1257
12:10:13.079 -> a/g:	ax:364	ay:632	ax:16096	gx:230	gy:-122	gz:-1310
12:10:13.115 -> a/g:	ax:304	ay:496	ax:16856	gx:124	gy:-362	gz:-1341
12:10:13.115 -> a/g:	ax:1716	ay:-140	ax:16932	gx:220	gy:-458	gz:-1275
12:10:13.115 -> a/g:	ax:1308	ay:-108	ax:16524	gx:-131	gy:-148	gz:-1271
12:10:13.149 -> a/g:	ax:628	ay:220	ax:16332	gx:159	gy:168	gz:-1231
12:10:13.149 -> a/g:	ax:584	ay:312	ax:17196	gx:-16	gy:-151	gz:-1219
12:10:13.149 -> a/g:	ax:256	ay:-40	ax:15700	gx:-251	gy:-114	gz:-1208
12:10:13.183 -> a/g:	ax:912	ay:100	ax:16212	gx:93	gy:-61	gz:-1166
12:10:13.183 -> a/g:	ax:504	ay:344	ax:15348	gx:-29	gy:28	gz:-1134
12:10:13.216 -> a/g:	ax:156	ay:128	ax:16804	gx:-71	gy:365	gz:-1154
12:10:13.216 -> a/g:	ax:-200	ay:-160	ax:16372	gx:-153	gy:90	gz:-1094
12:10:13.216 -> a/g:	ax:-352	ay:-404	ax:16024	gx:-258	gy:-95	gz:-1132
12:10:13.250 -> a/g:	ax:332	ay:-912	ax:15776	gx:-40	gy:181	gz:-1065
12:10:13.250 -> a/g:	ax:372	ay:-204	ax:15900	gx:45	gy:158	gz:-1040
12:10:13.290 -> a/g:	ax:-60	ay:424	ax:15992	gx:-67	gy:243	gz:-1066
12:10:13.290 -> a/g:	ax:-156	ay:-24	ax:16228	gx:-154	gy:175	gz:-1081
12:10:13.290 -> a/g:	ax:-96	ay:-452	ax:15352	gx:0	gy:-45	gz:-1062
12:10:13.322 -> a/g:	ax:664	ay:-792	ax:16568	gx:111	gy:113	gz:-1067
12:10:13.322 -> a/g:	ax:652	ay:-616	ax:15592	gx:26	gy:213	gz:-1044
12:10:13.359 -> a/g:	ax:-88	ay:284	ax:15088	gx:108	gy:-113	gz:-1046
12:10:13.359 -> a/g:	ax:232	ay:-568	ax:16652	gx:158	gy:85	gz:-1017
12:10:13.359 -> a/g:	ax:180	ay:-1076	ax:15588	gx:86	gy:-113	gz:-998
12:10:13.397 -> a/g:	ax:96	ay:-464	ax:15916	gx:246	gy:-374	gz:-983
12:10:13.397 -> a/g:	ax:196	ay:-80	ax:15796	gx:400	gy:233	gz:-1000
12:10:13.431 -> a/g:	ax:316	ay:164	ax:15952	gx:235	gy:-462	gz:-970
12:10:13.431 -> a/g:	ax:-292	ay:-280	ax:15996	gx:138	gy:220	gz:-920
12:10:13.431 -> a/g:	ax:156	ay:-496	ax:16416	gx:222	gy:-448	gz:-946
12:10:13.464 -> a/g:	ax:136	ay:-240	ax:15708	gx:227	gy:16	gz:-892
12:10:13.464 -> a/g:	ax:80	ay:-4	ax:16268	gx:270	gy:16	gz:-887
12:10:13.464 -> a/g:	ax:356	ay:360	ax:15644	gx:211	gy:-78	gz:-824
12:10:13.502 -> a/g:	ax:-144	ay:-92	ax:16600	gx:88	gy:90	gz:-835
12:10:13.502 -> a/g:	ax:76	ay:-8	ax:15440	gx:95	gy:-77	gz:-815
12:10:13.502 -> a/g:	ax:-140	ay:216	ax:16808	gx:315	gy:113	gz:-746
12:10:13.539 -> a/g:	ax:244	ay:744	ax:15896	gx:169	gy:-66	gz:-731
12:10:13.539 -> a/g:	ax:-576	ay:768	ax:16324	gx:65	gy:197	gz:-727
12:10:13.575 -> a/g:	ax:-304	ay:628	ax:15776	gx:129	gy:-21	gz:-721
12:10:13.575 -> a/g:	ax:-476	ay:644	ax:16088	gx:75	gy:-63	gz:-696
12:10:13.575 -> a/g:	ax:-444	ay:768	ax:15704	gx:196	gy:155	gz:-752
12:10:13.609 -> a/g:	ax:-584	ay:1432	ax:16196	gx:169	gy:36	gz:-723
12:10:13.609 -> a/g:	ax:-780	ay:1464	ax:15528	gx:120	gy:-50	gz:-748
12:10:13.609 -> a/g:	ax:-724	ay:1132	ax:16068	gx:33	gy:-44	gz:-796
12:10:13.641 -> a/g:	ax:-364	ay:960	ax:15680	gx:166	gy:-41	gz:-797
12:10:13.641 -> a/g:	ax:-500	ay:1352	ax:16192	gx:162	gy:-93	gz:-785
12:10:13.675 -> a/g:	ax:-468	ay:1460	ax:15524	gx:134	gy:-22	gz:-822
12:10:13.675 -> a/g:	ax:-584	ay:1432	ax:15556	gx:157	gy:-7	gz:-815
12:10:13.714 -> a/g:	ax:-232	ay:1156	ax:15856	gx:168	gy:-186	gz:-746
12:10:13.714 -> a/g:	ax:-256	ay:1120	ax:15532	gx:82	gy:-50	gz:-785
12:10:13.714 -> a/g:	ax:-608	ay:1156	ax:15932	gx:123	gy:-113	gz:-839
12:10:13.750 -> a/g:	ax:-476	ay:1548	ax:16108	gx:225	gy:-73	gz:-746
12:10:13.750 -> a/g:	ax:-536	ay:1268	ax:15888	gx:14	gy:7	gz:-776
12:10:13.750 -> a/g:	ax:-608	ay:1036	ax:15428	gx:62	gy:-105	gz:-741
12:10:13.782 -> a/g:	ax:-456	ay:1408	ax:15632	gx:161	gy:-6	gz:-696
12:10:13.782 -> a/g:	ax:-708	ay:1396	ax:15664	gx:18	gy:-51	gz:-756
12:10:13.816 -> a/g:	ax:-544	ay:1392	ax:15384	gx:171	gy:-21	gz:-741
12:10:13.816 -> a/g:	ax:-832	ay:1260	ax:15764	gx:34	gy:-48	gz:-691
12:10:13.816 -> a/g:	ax:-700	ay:1096	ax:15192	gx:45	gy:42	gz:-693
12:10:13.849 -> a/g:	ax:-720	ay:1280	ax:15552	gx:193	gy:-147	gz:-674
12:10:13.849 -> a/g:	ax:-664	ay:1444	ax:15820	gx:118	gy:42	gz:-712
12:10:13.884 -> a/g:	ax:-572	ay:1424	ax:15700	gx:68	gy:-142	gz:-687
12:10:13.884 -> a/g:	ax:-620	ay:1288	ax:15488	gx:110	gy:-50	gz:-688
12:10:13.884 -> a/g:	ax:-556	ay:1304	ax:15824	gx:76	gy:26	gz:-688
12:10:13.916 -> a/g:	ax:-508	ay:1376	ax:15056	gx:174	gy:-270	gz:-684
12:10:13.916 -> a/g:	ax:-712	ay:1336	ax:15948	gx:135	gy:37	gz:-679
12:10:13.950 -> a/g:	ax:-480	ay:1368	ax:15516	gx:140	gy:-187	gz:-698
12:10:13.950 -> a/g:	ax:-792	ay:1248	ax:15668	gx:124	gy:-161	gz:-618
12:10:13.950 -> a/g:	ax:-572	ay:1068	ax:15852	gx:153	gy:69	gz:-724
12:10:13.983 -> a/g:	ax:-536	ay:1532	ax:15716	gx:208	gy:-330	gz:-673
12:10:13.983 -> a/g:	ax:-600	ay:1400	ax:16292	gx:73	gy:-40	gz:-725
12:10:14.019 -> a/g:	ax:-136	ay:1220	ax:15784	gx:32	gy:-112	gz:-667
12:10:14.019 -> a/g:	ax:-524	ay:1320	ax:15860	gx:145	gy:-89	gz:-652
12:10:14.058 -> a/g:	ax:-224	ay:1184	ax:16236	gx:24	gy:-52	gz:-636
12:10:14.058 -> a/g:	ax:-392	ay:1380	ax:15820	gx:69	gy:-44	gz:-669
12:10:14.058 -> a/g:	ax:-348	ay:1364	ax:16000	gx:8	gy:-108	gz:-632
12:10:14.089 -> a/g:	ax:-140	ay:1336	ax:15920	gx:97	gy:-9	gz:-686
12:10:14.089 -> a/g:	ax:-472	ay:1176	ax:16164	gx:28	gy:122	gz:-638
12:10:14.089 -> a/g:	ax:-816	ay:1472	ax:15548	gx:-17	gy:-108	gz:-664
12:10:14.122 -> a/g:	ax:-704	ay:1520	ax:16140	gx:106	gy:-64	gz:-611
12:10:14.122 -> a/g:	ax:-700	ay:1316	ax:15636	gx:-43	gy:73	gz:-677
12:10:14.156 -> a/g:	ax:-356	ay:1336	ax:15808	gx:91	gy:-19	gz:-701
12:10:14.156 -> a/g:	ax:-716	ay:1424	ax:15932	gx:56	gy:8	gz:-665
12:10:14.156 -> a/g:	ax:-644	ay:1688	ax:15452	gx:40	gy:-43	gz:-668
12:10:14.189 -> a/g:	ax:-488	ay:1724	ax:15820	gx:95	gy:20	gz:-655
12:10:14.189 -> a/g:	ax:-692	ay:1708	ax:15792	gx:3	gy:-141	gz:-678
12:10:14.223 -> a/g:	ax:-424	ay:1588	ax:15632	gx:98	gy:-10	gz:-630
12:10:14.223 -> a/g:	ax:-680	ay:1568	ax:15504	gx:36	gy:-68	gz:-643
12:10:14.223 -> a/g:	ax:-728	ay:1632	ax:15676	gx:88	gy:87	gz:-628
12:10:14.257 -> a/g:	ax:-720	ay:1712	ax:15468	gx:72	gy:-273	gz:-602
12:10:14.257 -> a/g:	ax:-812	ay:1488	ax:15516	gx:88	gy:195	gz:-665
12:10:14.290 -> a/g:	ax:-828	ay:1772	ax:15288	gx:118	gy:-214	gz:-631
12:10:14.290 -> a/g:	ax:-1028	ay:1860	ax:15816	gx:167	gy:-27	gz:-625
12:10:14.290 -> a/g:	ax:-888	ay:2040	ax:15164	gx:52	gy:-57	gz:-630
12:10:14.325 -> a/g:	ax:-1104	ay:1940	ax:15868	gx:164	gy:-46	gz:-685
12:10:14.325 -> a/g:	ax:-936	ay:1948	ax:15336	gx:123	gy:-116	gz:-640
12:10:14.357 -> a/g:	ax:-1112	ay:2040	ax:15148	gx:197	gy:-96	gz:-733
12:10:14.357 -> a/g:	ax:-1112	ay:2112	ax:15544	gx:159	gy:6	gz:-688
12:10:14.395 -> a/g:	ax:-1220	ay:2052	ax:15212	gx:158	gy:-279	gz:-647
12:10:14.395 -> a/g:	ax:-932	ay:2044	ax:15564	gx:191	gy:-157	gz:-658
12:10:14.395 -> a/g:	ax:-1060	ay:2128	ax:15284	gx:213	gy:-73	gz:-706
12:10:14.432 -> a/g:	ax:-1136	ay:2368	ax:15672	gx:250	gy:-284	gz:-625
12:10:14.432 -> a/g:	ax:-980	ay:2332	ax:15084	gx:169	gy:-196	gz:-607
12:10:14.432 -> a/g:	ax:-1108	ay:2256	ax:15344	gx:195	gy:-243	gz:-686
12:10:14.465 -> a/g:	ax:-1044	ay:2160	ax:15272	gx:212	gy:-319	gz:-589
12:10:14.465 -> a/g:	ax:-900	ay:2288	ax:15304	gx:215	gy:-319	gz:-618
12:10:14.502 -> a/g:	ax:-1064	ay:2460	ax:15284	gx:174	gy:-316	gz:-618
12:10:14.502 -> a/g:	ax:-1044	ay:2236	ax:15388	gx:214	gy:-371	gz:-563
12:10:14.536 -> a/g:	ax:-1172	ay:2240	ax:15356	gx:154	gy:-355	gz:-589
12:10:14.536 -> a/g:	ax:-1404	ay:2428	ax:15284	gx:241	gy:-335	gz:-602
12:10:14.536 -> a/g:	ax:-1224	ay:2540	ax:15616	gx:175	gy:-536	gz:-577
12:10:14.569 -> a/g:	ax:-1052	ay:2252	ax:15264	gx:161	gy:-372	gz:-574
12:10:14.569 -> a/g:	ax:-860	ay:2464	ax:15276	gx:165	gy:-585	gz:-585
12:10:14.603 -> a/g:	ax:-1008	ay:2540	ax:15372	gx:205	gy:-510	gz:-549
12:10:14.603 -> a/g:	ax:-840	ay:2436	ax:15528	gx:191	gy:-483	gz:-534
12:10:14.639 -> a/g:	ax:-876	ay:2676	ax:15240	gx:155	gy:-532	gz:-544
12:10:14.639 -> a/g:	ax:-736	ay:2996	ax:15284	gx:233	gy:-650	gz:-543
12:10:14.639 -> a/g:	ax:-928	ay:2836	ax:15020	gx:224	gy:-459	gz:-717
12:10:14.672 -> a/g:	ax:-1332	ay:2768	ax:16068	gx:137	gy:-389	gz:-692
12:10:14.672 -> a/g:	ax:-1164	ay:2592	ax:15264	gx:185	gy:-698	gz:-590
12:10:14.672 -> a/g:	ax:-1188	ay:2404	ax:15628	gx:128	gy:-415	gz:-629
12:10:14.705 -> a/g:	ax:-1208	ay:2396	ax:15340	gx:156	gy:-335	gz:-555
12:10:14.705 -> a/g:	ax:-1056	ay:2704	ax:16092	gx:228	gy:-771	gz:-474
12:10:14.739 -> a/g:	ax:-984	ay:2180	ax:16380	gx:85	gy:-76	gz:-477
12:10:14.739 -> a/g:	ax:-996	ay:2252	ax:16132	gx:-59	gy:-540	gz:-469
12:10:14.772 -> a/g:	ax:-876	ay:2168	ax:15940	gx:165	gy:-285	gz:-458
12:10:14.772 -> a/g:	ax:-572	ay:1704	ax:15956	gx:29	gy:-274	gz:-343
12:10:14.772 -> a/g:	ax:-712	ay:1760	ax:15820	gx:70	gy:-265	gz:-338
12:10:14.810 -> a/g:	ax:-468	ay:1872	ax:16364	gx:117	gy:-473	gz:-297
12:10:14.810 -> a/g:	ax:-248	ay:2004	ax:16000	gx:69	gy:-171	gz:-278
12:10:14.843 -> a/g:	ax:-80	ay:2452	ax:15956	gx:266	gy:-415	gz:-264
12:10:14.843 -> a/g:	ax:-468	ay:2488	ax:16156	gx:175	gy:-104	gz:-348
12:10:14.843 -> a/g:	ax:-352	ay:2364	ax:15916	gx:121	gy:-485	gz:-394
12:10:14.880 -> a/g:	ax:-128	ay:2328	ax:15916	gx:186	gy:-195	gz:-419
12:10:14.880 -> a/g:	ax:-52	ay:2300	ax:16488	gx:180	gy:-479	gz:-479
12:10:14.880 -> a/g:	ax:380	ay:2340	ax:16044	gx:297	gy:-14	gz:-544
12:10:14.915 -> a/g:	ax:0	ay:2832	ax:16252	gx:239	gy:-496	gz:-584
12:10:14.915 -> a/g:	ax:396	ay:2884	ax:15916	gx:176	gy:11	gz:-615
12:10:14.950 -> a/g:	ax:-80	ay:2504	ax:16016	gx:129	gy:-331	gz:-633
12:10:14.950 -> a/g:	ax:384	ay:2436	ax:15908	gx:234	gy:-10	gz:-700
12:10:14.950 -> a/g:	ax:92	ay:2664	ax:16084	gx:169	gy:18	gz:-676
12:10:14.985 -> a/g:	ax:-236	ay:2516	ax:16056	gx:44	gy:170	gz:-727
12:10:14.985 -> a/g:	ax:360	ay:2464	ax:15480	gx:130	gy:-123	gz:-679
12:10:14.985 -> a/g:	ax:4	ay:2176	ax:16028	gx:-23	gy:454	gz:-689
12:10:15.021 -> a/g:	ax:80	ay:2048	ax:15728	gx:-80	gy:158	gz:-632
12:10:15.021 -> a/g:	ax:-144	ay:2140	ax:15920	gx:82	gy:489	gz:-592
12:10:15.057 -> a/g:	ax:-760	ay:2248	ax:15664	gx:-169	gy:387	gz:-618
12:10:15.057 -> a/g:	ax:-420	ay:2312	ax:15464	gx:-1	gy:408	gz:-546
12:10:15.057 -> a/g:	ax:-456	ay:1788	ax:15424	gx:-90	gy:448	gz:-521
12:10:15.091 -> a/g:	ax:-684	ay:1964	ax:15556	gx:-172	gy:482	gz:-531
12:10:15.091 -> a/g:	ax:-924	ay:1816	ax:15736	gx:-73	gy:509	gz:-519
12:10:15.125 -> a/g:	ax:-1068	ay:1600	ax:15612	gx:-224	gy:583	gz:-478
12:10:15.125 -> a/g:	ax:-756	ay:1844	ax:15072	gx:-68	gy:253	gz:-461
12:10:15.162 -> a/g:	ax:-1184	ay:1792	ax:15320	gx:-53	gy:474	gz:-496
12:10:15.162 -> a/g:	ax:-660	ay:2204	ax:15296	gx:-24	gy:255	gz:-406
12:10:15.162 -> a/g:	ax:-1268	ay:1924	ax:15056	gx:41	gy:310	gz:-455
12:10:15.197 -> a/g:	ax:-1228	ay:1604	ax:15752	gx:-106	gy:133	gz:-447
12:10:15.197 -> a/g:	ax:-912	ay:1592	ax:14656	gx:130	gy:158	gz:-462
12:10:15.197 -> a/g:	ax:-1004	ay:1808	ax:15396	gx:83	gy:54	gz:-438
12:10:15.234 -> a/g:	ax:-904	ay:2032	ax:15296	gx:115	gy:148	gz:-413
12:10:15.234 -> a/g:	ax:-1188	ay:1796	ax:15516	gx:111	gy:-102	gz:-381
12:10:15.269 -> a/g:	ax:-1024	ay:1520	ax:15496	gx:61	gy:90	gz:-404
12:10:15.269 -> a/g:	ax:-664	ay:1888	ax:15320	gx:216	gy:-266	gz:-381
12:10:15.269 -> a/g:	ax:-728	ay:1788	ax:15876	gx:142	gy:215	gz:-362
12:10:15.306 -> a/g:	ax:-652	ay:2204	ax:14892	gx:50	gy:-181	gz:-331
12:10:15.306 -> a/g:	ax:-1076	ay:1952	ax:16272	gx:144	gy:112	gz:-289
12:10:15.306 -> a/g:	ax:-484	ay:1848	ax:15140	gx:24	gy:-260	gz:-247
12:10:15.341 -> a/g:	ax:-792	ay:1692	ax:15944	gx:128	gy:41	gz:-266
12:10:15.341 -> a/g:	ax:-168	ay:2112	ax:15412	gx:146	gy:-122	gz:-212
12:10:15.380 -> a/g:	ax:-800	ay:2088	ax:15948	gx:51	gy:59	gz:-215
12:10:15.380 -> a/g:	ax:-372	ay:2060	ax:15664	gx:109	gy:-14	gz:-120
12:10:15.380 -> a/g:	ax:-852	ay:1844	ax:16136	gx:-14	gy:17	gz:-111
12:10:15.417 -> a/g:	ax:-368	ay:1932	ax:15752	gx:94	gy:13	gz:-104
12:10:15.417 -> a/g:	ax:-692	ay:1976	ax:15988	gx:38	gy:168	gz:-95
12:10:15.417 -> a/g:	ax:-444	ay:2144	ax:15492	gx:-27	gy:100	gz:-115
12:10:15.450 -> a/g:	ax:-1020	ay:1864	ax:15908	gx:-2	gy:55	gz:-154
12:10:15.450 -> a/g:	ax:-396	ay:1824	ax:16012	gx:35	gy:180	gz:-119
12:10:15.483 -> a/g:	ax:-548	ay:1884	ax:16088	gx:-9	gy:141	gz:-116
12:10:15.483 -> a/g:	ax:40	ay:2160	ax:15856	gx:75	gy:21	gz:-111
12:10:15.518 -> a/g:	ax:-420	ay:2100	ax:15712	gx:-5	gy:246	gz:-119
12:10:15.518 -> a/g:	ax:-152	ay:1724	ax:15876	gx:8	gy:119	gz:-116
12:10:15.518 -> a/g:	ax:-296	ay:1840	ax:15916	gx:12	gy:-3	gz:-94
12:10:15.555 -> a/g:	ax:-144	ay:1772	ax:15716	gx:19	gy:85	gz:-54
12:10:15.555 -> a/g:	ax:-264	ay:1676	ax:15816	gx:-56	gy:161	gz:-63
12:10:15.555 -> a/g:	ax:-240	ay:1548	ax:16520	gx:18	gy:278	gz:-81
12:10:15.588 -> a/g:	ax:-304	ay:1516	ax:15600	gx:-100	gy:-111	gz:-59
12:10:15.588 -> a/g:	ax:-476	ay:1020	ax:16396	gx:-50	gy:370	gz:-52
12:10:15.588 -> a/g:	ax:-144	ay:1380	ax:15704	gx:31	gy:-31	gz:-75
12:10:15.624 -> a/g:	ax:-308	ay:1440	ax:16016	gx:-88	gy:107	gz:-13
12:10:15.624 -> a/g:	ax:-296	ay:1028	ax:15800	gx:-112	gy:208	gz:-20
12:10:15.658 -> a/g:	ax:-512	ay:1200	ax:15592	gx:-68	gy:82	gz:42
12:10:15.658 -> a/g:	ax:-176	ay:1184	ax:16160	gx:-64	gy:24	gz:18
12:10:15.658 -> a/g:	ax:-100	ay:992	ax:15656	gx:-147	gy:226	gz:27
12:10:15.693 -> a/g:	ax:-564	ay:1180	ax:15528	gx:-45	gy:48	gz:77
12:10:15.693 -> a/g:	ax:-368	ay:1188	ax:16148	gx:-109	gy:243	gz:98
12:10:15.693 -> a/g:	ax:-260	ay:1172	ax:15144	gx:-92	gy:-41	gz:104
12:10:15.726 -> a/g:	ax:-524	ay:1264	ax:15776	gx:-73	gy:141	gz:84
12:10:15.726 -> a/g:	ax:-152	ay:1408	ax:15376	gx:15	gy:35	gz:105
12:10:15.762 -> a/g:	ax:-524	ay:1320	ax:15528	gx:-39	gy:51	gz:133
12:10:15.762 -> a/g:	ax:-400	ay:1208	ax:15344	gx:-65	gy:-4	gz:93
12:10:15.762 -> a/g:	ax:-64	ay:1304	ax:15704	gx:54	gy:67	gz:127
12:10:15.799 -> a/g:	ax:56	ay:1308	ax:15684	gx:-3	gy:-157	gz:106
12:10:15.799 -> a/g:	ax:112	ay:1136	ax:15528	gx:-13	gy:247	gz:139
12:10:15.834 -> a/g:	ax:-120	ay:1336	ax:15424	gx:117	gy:-172	gz:148
12:10:15.834 -> a/g:	ax:208	ay:1140	ax:16024	gx:82	gy:200	gz:115
12:10:15.834 -> a/g:	ax:196	ay:1096	ax:15148	gx:2	gy:-249	gz:113
12:10:15.867 -> a/g:	ax:216	ay:1120	ax:16164	gx:194	gy:262	gz:136
12:10:15.867 -> a/g:	ax:264	ay:1252	ax:15728	gx:-13	gy:-174	gz:102
12:10:15.867 -> a/g:	ax:60	ay:968	ax:15948	gx:97	gy:230	gz:95
12:10:15.902 -> a/g:	ax:372	ay:900	ax:16156	gx:-7	gy:-84	gz:88
12:10:15.902 -> a/g:	ax:484	ay:1196	ax:15648	gx:110	gy:90	gz:89
12:10:15.902 -> a/g:	ax:572	ay:1020	ax:16100	gx:48	gy:29	gz:72
12:10:15.941 -> a/g:	ax:492	ay:1076	ax:15648	gx:35	gy:156	gz:56
12:10:15.941 -> a/g:	ax:760	ay:988	ax:16420	gx:74	gy:102	gz:61
12:10:15.978 -> a/g:	ax:564	ay:760	ax:15864	gx:-43	gy:-6	gz:101
12:10:15.978 -> a/g:	ax:732	ay:752	ax:15964	gx:10	gy:199	gz:94
12:10:15.978 -> a/g:	ax:876	ay:936	ax:15964	gx:109	gy:-28	gz:57
12:10:15.978 -> a/g:	ax:912	ay:936	ax:16364	gx:-18	gy:150	gz:72
12:10:16.011 -> a/g:	ax:912	ay:628	ax:15996	gx:-65	gy:157	gz:60
12:10:16.011 -> a/g:	ax:768	ay:596	ax:16084	gx:-36	gy:64	gz:74
12:10:16.044 -> a/g:	ax:696	ay:604	ax:15988	gx:-57	gy:109	gz:16
12:10:16.044 -> a/g:	ax:864	ay:400	ax:16592	gx:9	gy:157	gz:79
12:10:16.044 -> a/g:	ax:608	ay:548	ax:15828	gx:-70	gy:39	gz:28
12:10:16.078 -> a/g:	ax:440	ay:468	ax:16640	gx:-66	gy:244	gz:32
12:10:16.078 -> a/g:	ax:908	ay:388	ax:15824	gx:-83	gy:-25	gz:20
12:10:16.111 -> a/g:	ax:592	ay:128	ax:16612	gx:-60	gy:238	gz:-44
12:10:16.111 -> a/g:	ax:1020	ay:224	ax:16108	gx:-38	gy:69	gz:29
12:10:16.111 -> a/g:	ax:764	ay:632	ax:16296	gx:10	gy:185	gz:26
12:10:16.145 -> a/g:	ax:800	ay:240	ax:16188	gx:-148	gy:157	gz:14
12:10:16.145 -> a/g:	ax:804	ay:320	ax:15744	gx:-39	gy:38	gz:17
12:10:16.145 -> a/g:	ax:828	ay:280	ax:16240	gx:17	gy:103	gz:-15
12:10:16.181 -> a/g:	ax:984	ay:264	ax:15936	gx:-109	gy:161	gz:-50
12:10:16.181 -> a/g:	ax:720	ay:420	ax:15968	gx:41	gy:-16	gz:-27
12:10:16.216 -> a/g:	ax:964	ay:316	ax:16072	gx:41	gy:163	gz:-5
12:10:16.216 -> a/g:	ax:724	ay:156	ax:15708	gx:-87	gy:39	gz:-49
12:10:16.216 -> a/g:	ax:688	ay:88	ax:15596	gx:75	gy:116	gz:-59
12:10:16.216 -> a/g:	ax:724	ay:368	ax:15920	gx:89	gy:129	gz:-46
12:10:16.253 -> a/g:	ax:860	ay:604	ax:16012	gx:72	gy:56	gz:-41
12:10:16.253 -> a/g:	ax:848	ay:360	ax:15816	gx:19	gy:112	gz:-20
12:10:16.286 -> a/g:	ax:1012	ay:400	ax:16028	gx:83	gy:134	gz:-74
12:10:16.286 -> a/g:	ax:964	ay:444	ax:15948	gx:77	gy:83	gz:-50
12:10:16.286 -> a/g:	ax:1064	ay:412	ax:16044	gx:13	gy:137	gz:-43
12:10:16.319 -> a/g:	ax:796	ay:540	ax:15964	gx:65	gy:159	gz:-12
12:10:16.319 -> a/g:	ax:788	ay:608	ax:15988	gx:64	gy:76	gz:-5
12:10:16.353 -> a/g:	ax:800	ay:288	ax:15944	gx:30	gy:110	gz:7
12:10:16.353 -> a/g:	ax:1008	ay:292	ax:16116	gx:67	gy:149	gz:-35
12:10:16.353 -> a/g:	ax:1008	ay:616	ax:16160	gx:43	gy:36	gz:-4
12:10:16.387 -> a/g:	ax:972	ay:412	ax:16528	gx:28	gy:161	gz:34
12:10:16.387 -> a/g:	ax:880	ay:488	ax:16012	gx:-34	gy:144	gz:-29
12:10:16.387 -> a/g:	ax:796	ay:220	ax:16140	gx:21	gy:146	gz:-43
12:10:16.424 -> a/g:	ax:936	ay:336	ax:15956	gx:18	gy:42	gz:-2
12:10:16.424 -> a/g:	ax:928	ay:324	ax:16180	gx:2	gy:175	gz:-17
12:10:16.461 -> a/g:	ax:940	ay:336	ax:15808	gx:-5	gy:42	gz:-73
12:10:16.461 -> a/g:	ax:648	ay:404	ax:16500	gx:52	gy:170	gz:-83
12:10:16.461 -> a/g:	ax:844	ay:300	ax:15876	gx:-36	gy:-34	gz:-65
12:10:16.461 -> a/g:	ax:716	ay:124	ax:16080	gx:39	gy:255	gz:-139
12:10:16.494 -> a/g:	ax:980	ay:252	ax:15992	gx:44	gy:-19	gz:-109
12:10:16.494 -> a/g:	ax:816	ay:292	ax:16232	gx:41	gy:71	gz:-145
12:10:16.532 -> a/g:	ax:1032	ay:144	ax:15844	gx:15	gy:90	gz:-123
12:10:16.532 -> a/g:	ax:988	ay:160	ax:16020	gx:38	gy:168	gz:-150
12:10:16.532 -> a/g:	ax:936	ay:280	ax:16076	gx:47	gy:4	gz:-107
12:10:16.568 -> a/g:	ax:1108	ay:120	ax:16236	gx:62	gy:135	gz:-129
12:10:16.568 -> a/g:	ax:1264	ay:208	ax:15948	gx:25	gy:48	gz:-142
12:10:16.568 -> a/g:	ax:1244	ay:284	ax:16112	gx:-10	gy:14	gz:-121
12:10:16.604 -> a/g:	ax:1276	ay:32	ax:16092	gx:-24	gy:105	gz:-129
12:10:16.604 -> a/g:	ax:1112	ay:292	ax:15584	gx:-3	gy:80	gz:-114
12:10:16.604 -> a/g:	ax:1224	ay:280	ax:16540	gx:52	gy:55	gz:-130
12:10:16.641 -> a/g:	ax:1388	ay:148	ax:16072	gx:-37	gy:97	gz:-74
12:10:16.641 -> a/g:	ax:1008	ay:20	ax:15956	gx:-29	gy:48	gz:-132
12:10:16.641 -> a/g:	ax:1436	ay:-280	ax:16220	gx:16	gy:364	gz:-134
12:10:16.675 -> a/g:	ax:868	ay:-148	ax:16160	gx:-41	gy:-92	gz:-86
12:10:16.675 -> a/g:	ax:1148	ay:-12	ax:16152	gx:-9	gy:259	gz:-116
12:10:16.708 -> a/g:	ax:1236	ay:-136	ax:16240	gx:-52	gy:-35	gz:-114
12:10:16.708 -> a/g:	ax:1144	ay:-276	ax:16164	gx:-38	gy:79	gz:-125
12:10:16.708 -> a/g:	ax:1584	ay:-488	ax:16176	gx:36	gy:186	gz:-146
12:10:16.742 -> a/g:	ax:872	ay:-96	ax:16280	gx:-10	gy:20	gz:-179
12:10:16.742 -> a/g:	ax:560	ay:284	ax:16144	gx:66	gy:205	gz:-150
12:10:16.775 -> a/g:	ax:508	ay:820	ax:16152	gx:72	gy:-12	gz:-211
12:10:16.775 -> a/g:	ax:140	ay:1344	ax:16024	gx:53	gy:138	gz:-183
12:10:16.775 -> a/g:	ax:-124	ay:1768	ax:16264	gx:78	gy:160	gz:-160
12:10:16.810 -> a/g:	ax:-484	ay:2304	ax:15800	gx:76	gy:57	gz:-192
12:10:16.810 -> a/g:	ax:-996	ay:2640	ax:15776	gx:31	gy:249	gz:-228
12:10:16.842 -> a/g:	ax:-1056	ay:2932	ax:16124	gx:115	gy:73	gz:-252
12:10:16.842 -> a/g:	ax:-1340	ay:3012	ax:15808	gx:111	gy:310	gz:-345
12:10:16.842 -> a/g:	ax:-1232	ay:3164	ax:15648	gx:30	gy:56	gz:-405
12:10:16.876 -> a/g:	ax:-1076	ay:3304	ax:15536	gx:31	gy:304	gz:-447
12:10:16.876 -> a/g:	ax:-1280	ay:3236	ax:15364	gx:58	gy:176	gz:-373
12:10:16.910 -> a/g:	ax:-1048	ay:3104	ax:15456	gx:30	gy:96	gz:-352
12:10:16.910 -> a/g:	ax:-712	ay:2660	ax:15732	gx:32	gy:208	gz:-285
12:10:16.944 -> a/g:	ax:-372	ay:2572	ax:15184	gx:11	gy:102	gz:-215
12:10:16.944 -> a/g:	ax:-456	ay:1996	ax:15584	gx:9	gy:231	gz:-207
12:10:16.944 -> a/g:	ax:-112	ay:1972	ax:15140	gx:73	gy:56	gz:-132
12:10:16.981 -> a/g:	ax:36	ay:1840	ax:15588	gx:35	gy:162	gz:-155
12:10:16.981 -> a/g:	ax:124	ay:1312	ax:15300	gx:9	gy:178	gz:-155
12:10:16.981 -> a/g:	ax:100	ay:1252	ax:15208	gx:79	gy:105	gz:-180
12:10:17.017 -> a/g:	ax:344	ay:1116	ax:15300	gx:72	gy:34	gz:-160
12:10:17.017 -> a/g:	ax:268	ay:868	ax:15456	gx:-65	gy:183	gz:-174
12:10:17.017 -> a/g:	ax:288	ay:772	ax:15244	gx:12	gy:77	gz:-202
12:10:17.054 -> a/g:	ax:236	ay:960	ax:15612	gx:67	gy:41	gz:-238
12:10:17.054 -> a/g:	ax:304	ay:956	ax:15524	gx:-13	gy:161	gz:-186
12:10:17.091 -> a/g:	ax:-116	ay:1224	ax:15468	gx:21	gy:59	gz:-197
12:10:17.091 -> a/g:	ax:-8	ay:1556	ax:15744	gx:94	gy:114	gz:-154
12:10:17.091 -> a/g:	ax:-212	ay:1744	ax:15768	gx:15	gy:21	gz:-181
12:10:17.125 -> a/g:	ax:-244	ay:1988	ax:15500	gx:-39	gy:188	gz:-163
12:10:17.125 -> a/g:	ax:-440	ay:2144	ax:15856	gx:17	gy:56	gz:-205
12:10:17.125 -> a/g:	ax:-540	ay:2280	ax:15892	gx:19	gy:63	gz:-181
12:10:17.159 -> a/g:	ax:-752	ay:2292	ax:15876	gx:-58	gy:170	gz:-192
12:10:17.159 -> a/g:	ax:-704	ay:2392	ax:15844	gx:0	gy:117	gz:-164
12:10:17.192 -> a/g:	ax:-692	ay:2532	ax:16056	gx:80	gy:8	gz:-147
12:10:17.192 -> a/g:	ax:-612	ay:2384	ax:15868	gx:-31	gy:95	gz:-187
12:10:17.192 -> a/g:	ax:-644	ay:2368	ax:15660	gx:6	gy:85	gz:-144
12:10:17.225 -> a/g:	ax:-520	ay:2400	ax:15932	gx:45	gy:26	gz:-169
12:10:17.225 -> a/g:	ax:-404	ay:2196	ax:15720	gx:-48	gy:56	gz:-146
12:10:17.261 -> a/g:	ax:-532	ay:1960	ax:15768	gx:-30	gy:87	gz:-149
12:10:17.261 -> a/g:	ax:-248	ay:1860	ax:15820	gx:44	gy:31	gz:-169
12:10:17.261 -> a/g:	ax:112	ay:1716	ax:15540	gx:-39	gy:-8	gz:-155
12:10:17.294 -> a/g:	ax:-20	ay:1616	ax:15652	gx:-32	gy:90	gz:-177
12:10:17.294 -> a/g:	ax:208	ay:1616	ax:15728	gx:33	gy:68	gz:-197
12:10:17.328 -> a/g:	ax:116	ay:1524	ax:15748	gx:-1	gy:4	gz:-198
12:10:17.328 -> a/g:	ax:192	ay:1344	ax:15528	gx:-27	gy:196	gz:-191
12:10:17.328 -> a/g:	ax:4	ay:1372	ax:15504	gx:-3	gy:47	gz:-174
12:10:17.366 -> a/g:	ax:-8	ay:1468	ax:15796	gx:50	gy:121	gz:-181
12:10:17.366 -> a/g:	ax:-12	ay:1592	ax:15608	gx:-32	gy:119	gz:-173
12:10:17.366 -> a/g:	ax:-160	ay:1564	ax:15368	gx:-24	gy:120	gz:-164
12:10:17.400 -> a/g:	ax:-20	ay:1800	ax:15892	gx:59	gy:192	gz:-177
12:10:17.400 -> a/g:	ax:-180	ay:1856	ax:15712	gx:-38	gy:78	gz:-175
12:10:17.400 -> a/g:	ax:-460	ay:1876	ax:15920	gx:23	gy:147	gz:-189
12:10:17.435 -> a/g:	ax:-512	ay:2044	ax:15728	gx:42	gy:197	gz:-184
12:10:17.435 -> a/g:	ax:-376	ay:2092	ax:15840	gx:-15	gy:-11	gz:-112
12:10:17.468 -> a/g:	ax:-372	ay:2024	ax:15732	gx:18	gy:188	gz:-139
12:10:17.468 -> a/g:	ax:-524	ay:2028	ax:15628	gx:19	gy:66	gz:-191
12:10:17.468 -> a/g:	ax:-480	ay:2092	ax:16092	gx:66	gy:183	gz:-163
12:10:17.501 -> a/g:	ax:-412	ay:2236	ax:15560	gx:14	gy:15	gz:-152
12:10:17.501 -> a/g:	ax:-500	ay:2056	ax:15488	gx:-16	gy:121	gz:-148
12:10:17.540 -> a/g:	ax:-236	ay:2092	ax:15824	gx:72	gy:66	gz:-215
12:10:17.540 -> a/g:	ax:-176	ay:2164	ax:15520	gx:3	gy:-22	gz:-133
12:10:17.540 -> a/g:	ax:-396	ay:1676	ax:15816	gx:-25	gy:131	gz:-190
12:10:17.573 -> a/g:	ax:-204	ay:1876	ax:15524	gx:9	gy:62	gz:-134
12:10:17.573 -> a/g:	ax:-24	ay:1952	ax:15808	gx:18	gy:-19	gz:-173
12:10:17.573 -> a/g:	ax:52	ay:1624	ax:15616	gx:-40	gy:212	gz:-156
12:10:17.607 -> a/g:	ax:-108	ay:1648	ax:15584	gx:0	gy:3	gz:-157
12:10:17.607 -> a/g:	ax:-64	ay:1712	ax:15800	gx:5	gy:67	gz:-150
12:10:17.640 -> a/g:	ax:-32	ay:1676	ax:15908	gx:-32	gy:144	gz:-132
12:10:17.640 -> a/g:	ax:-160	ay:1756	ax:15136	gx:-77	gy:5	gz:-152
12:10:17.640 -> a/g:	ax:-112	ay:1684	ax:16288	gx:76	gy:177	gz:-150
12:10:17.673 -> a/g:	ax:220	ay:1756	ax:15148	gx:-62	gy:-16	gz:-133
12:10:17.673 -> a/g:	ax:-612	ay:1728	ax:16440	gx:-40	gy:55	gz:-189
12:10:17.707 -> a/g:	ax:68	ay:1560	ax:15932	gx:11	gy:282	gz:-165
12:10:17.707 -> a/g:	ax:-520	ay:1948	ax:15716	gx:47	gy:-170	gz:-142
12:10:17.707 -> a/g:	ax:-8	ay:1628	ax:16084	gx:16	gy:401	gz:-185
12:10:17.740 -> a/g:	ax:-348	ay:2100	ax:15676	gx:-25	gy:-39	gz:-176
12:10:17.740 -> a/g:	ax:-428	ay:2020	ax:15760	gx:50	gy:78	gz:-141
12:10:17.773 -> a/g:	ax:-352	ay:1884	ax:15968	gx:-11	gy:252	gz:-212
12:10:17.773 -> a/g:	ax:-512	ay:1924	ax:15504	gx:31	gy:-32	gz:-154
12:10:17.773 -> a/g:	ax:-292	ay:2016	ax:16196	gx:72	gy:265	gz:-209
12:10:17.807 -> a/g:	ax:-176	ay:2156	ax:15168	gx:-3	gy:-66	gz:-169
12:10:17.807 -> a/g:	ax:-572	ay:1896	ax:15580	gx:-7	gy:278	gz:-168
12:10:17.841 -> a/g:	ax:-216	ay:1772	ax:15772	gx:48	gy:-53	gz:-128
12:10:17.841 -> a/g:	ax:-312	ay:1860	ax:15812	gx:8	gy:188	gz:-169
12:10:17.874 -> a/g:	ax:-460	ay:1896	ax:15308	gx:-64	gy:-48	gz:-184
12:10:17.874 -> a/g:	ax:-220	ay:1916	ax:15548	gx:86	gy:116	gz:-136
12:10:17.874 -> a/g:	ax:4	ay:1648	ax:15864	gx:8	gy:111	gz:-141
12:10:17.907 -> a/g:	ax:-60	ay:1800	ax:15628	gx:-7	gy:154	gz:-146
12:10:17.907 -> a/g:	ax:-240	ay:1820	ax:15744	gx:37	gy:77	gz:-127
12:10:17.907 -> a/g:	ax:-548	ay:3908	ax:14760	gx:-107	gy:-636	gz:-247
12:10:17.941 -> a/g:	ax:-152	ay:1916	ax:19824	gx:259	gy:426	gz:-212
12:10:17.941 -> a/g:	ax:-572	ay:2000	ax:13052	gx:15	gy:88	gz:-235
12:10:17.974 -> a/g:	ax:-492	ay:2928	ax:18048	gx:-115	gy:6	gz:-245
12:10:17.974 -> a/g:	ax:-192	ay:2344	ax:14284	gx:14	gy:72	gz:-135
12:10:18.008 -> a/g:	ax:-1064	ay:2348	ax:15776	gx:120	gy:-30	gz:-217
12:10:18.008 -> a/g:	ax:208	ay:1940	ax:16320	gx:-165	gy:-309	gz:-121
12:10:18.008 -> a/g:	ax:-856	ay:1856	ax:16244	gx:7	gy:507	gz:-216
12:10:18.041 -> a/g:	ax:-104	ay:2080	ax:15360	gx:107	gy:-317	gz:-145
12:10:18.041 -> a/g:	ax:-284	ay:1776	ax:17024	gx:7	gy:421	gz:-184
12:10:18.074 -> a/g:	ax:-104	ay:1980	ax:15176	gx:-107	gy:-107	gz:-138
12:10:18.074 -> a/g:	ax:-204	ay:1832	ax:16016	gx:94	gy:266	gz:-179
12:10:18.074 -> a/g:	ax:-168	ay:1700	ax:15892	gx:-133	gy:61	gz:-197
12:10:18.109 -> a/g:	ax:-264	ay:1876	ax:15224	gx:46	gy:142	gz:-191
12:10:18.109 -> a/g:	ax:-216	ay:1744	ax:15836	gx:47	gy:96	gz:-204
12:10:18.143 -> a/g:	ax:-212	ay:1776	ax:15512	gx:-128	gy:152	gz:-184
12:10:18.143 -> a/g:	ax:-372	ay:1892	ax:15440	gx:107	gy:18	gz:-183
12:10:18.143 -> a/g:	ax:-100	ay:1832	ax:15692	gx:-1	gy:193	gz:-163
12:10:18.181 -> a/g:	ax:-200	ay:1856	ax:15460	gx:-35	gy:113	gz:-146
12:10:18.181 -> a/g:	ax:-312	ay:1996	ax:15508	gx:109	gy:35	gz:-136
12:10:18.181 -> a/g:	ax:-140	ay:1940	ax:15736	gx:-23	gy:125	gz:-116
12:10:18.219 -> a/g:	ax:-464	ay:1808	ax:15604	gx:30	gy:51	gz:-115
12:10:18.219 -> a/g:	ax:-436	ay:1944	ax:15932	gx:69	gy:106	gz:-149
12:10:18.255 -> a/g:	ax:-88	ay:1992	ax:15800	gx:8	gy:-24	gz:-118
12:10:18.255 -> a/g:	ax:-332	ay:1764	ax:15824	gx:14	gy:144	gz:-174
12:10:18.255 -> a/g:	ax:-168	ay:2012	ax:15880	gx:29	gy:54	gz:-143
12:10:18.292 -> a/g:	ax:-412	ay:1960	ax:15812	gx:16	gy:136	gz:-208
12:10:18.292 -> a/g:	ax:-268	ay:1720	ax:15488	gx:-18	gy:131	gz:-151
12:10:18.292 -> a/g:	ax:-288	ay:1980	ax:15920	gx:-3	gy:7	gz:-207
12:10:18.325 -> a/g:	ax:0	ay:1936	ax:15580	gx:20	gy:197	gz:-165
12:10:18.325 -> a/g:	ax:-312	ay:1960	ax:15920	gx:-14	gy:-35	gz:-174
12:10:18.358 -> a/g:	ax:28	ay:1884	ax:15632	gx:25	gy:342	gz:-201
12:10:18.358 -> a/g:	ax:-340	ay:1904	ax:15868	gx:-28	gy:-114	gz:-201
12:10:18.358 -> a/g:	ax:-12	ay:1680	ax:15440	gx:34	gy:233	gz:-137
12:10:18.391 -> a/g:	ax:-308	ay:1840	ax:15548	gx:-89	gy:72	gz:-215
12:10:18.391 -> a/g:	ax:-196	ay:1980	ax:15476	gx:38	gy:116	gz:-229
12:10:18.424 -> a/g:	ax:-52	ay:1756	ax:16060	gx:18	gy:42	gz:-146
12:10:18.424 -> a/g:	ax:-292	ay:1628	ax:15512	gx:-51	gy:119	gz:-201
12:10:18.424 -> a/g:	ax:-356	ay:1708	ax:15872	gx:70	gy:162	gz:-150
12:10:18.459 -> a/g:	ax:-148	ay:1788	ax:15660	gx:23	gy:-27	gz:-156
12:10:18.459 -> a/g:	ax:-328	ay:1804	ax:15984	gx:-40	gy:253	gz:-174
12:10:18.492 -> a/g:	ax:-324	ay:1704	ax:15536	gx:-2	gy:49	gz:-167
12:10:18.492 -> a/g:	ax:-332	ay:1976	ax:15864	gx:22	gy:105	gz:-168
12:10:18.492 -> a/g:	ax:-216	ay:1756	ax:15680	gx:-13	gy:120	gz:-141
12:10:18.526 -> a/g:	ax:-312	ay:1824	ax:15696	gx:-13	gy:96	gz:-175
12:10:18.526 -> a/g:	ax:-172	ay:1872	ax:15968	gx:51	gy:76	gz:-152
12:10:18.559 -> a/g:	ax:-188	ay:1912	ax:15756	gx:25	gy:101	gz:-157
12:10:18.559 -> a/g:	ax:-376	ay:1804	ax:15592	gx:-8	gy:56	gz:-147
12:10:18.592 -> a/g:	ax:-212	ay:1748	ax:15892	gx:34	gy:100	gz:-125
12:10:18.592 -> a/g:	ax:-184	ay:2092	ax:15704	gx:32	gy:-42	gz:-131
12:10:18.592 -> a/g:	ax:-260	ay:1752	ax:15856	gx:-1	gy:216	gz:-206
12:10:18.626 -> a/g:	ax:-320	ay:1876	ax:15620	gx:4	gy:66	gz:-126
12:10:18.626 -> a/g:	ax:-204	ay:1868	ax:15732	gx:64	gy:80	gz:-114
12:10:18.663 -> a/g:	ax:-60	ay:1776	ax:15788	gx:2	gy:151	gz:-187
12:10:18.663 -> a/g:	ax:-176	ay:1824	ax:15548	gx:6	gy:82	gz:-179
12:10:18.663 -> a/g:	ax:-276	ay:1924	ax:15816	gx:30	gy:59	gz:-181
12:10:18.663 -> a/g:	ax:-64	ay:1944	ax:15740	gx:-10	gy:104	gz:-158
12:10:18.696 -> a/g:	ax:-344	ay:1864	ax:15648	gx:-20	gy:63	gz:-186
12:10:18.696 -> a/g:	ax:-220	ay:1964	ax:15676	gx:37	gy:182	gz:-141
12:10:18.729 -> a/g:	ax:-76	ay:1932	ax:15528	gx:6	gy:-4	gz:-164
12:10:18.729 -> a/g:	ax:-300	ay:1804	ax:15704	gx:-41	gy:187	gz:-136
12:10:18.729 -> a/g:	ax:-204	ay:1736	ax:15760	gx:31	gy:128	gz:-178
12:10:18.766 -> a/g:	ax:372	ay:2692	ax:15484	gx:29	gy:-983	gz:-157
12:10:18.766 -> a/g:	ax:252	ay:1904	ax:16628	gx:-31	gy:788	gz:-221
12:10:18.805 -> a/g:	ax:-540	ay:1656	ax:14788	gx:-219	gy:-245	gz:-186
12:10:18.805 -> a/g:	ax:-452	ay:1432	ax:16356	gx:317	gy:387	gz:-149
12:10:18.805 -> a/g:	ax:-144	ay:1956	ax:15540	gx:-5	gy:-209	gz:-166
12:10:18.841 -> a/g:	ax:-764	ay:1924	ax:15208	gx:-140	gy:415	gz:-181
12:10:18.841 -> a/g:	ax:-196	ay:1900	ax:16092	gx:145	gy:-251	gz:-137
12:10:18.874 -> a/g:	ax:-144	ay:1808	ax:16164	gx:-16	gy:294	gz:-213
12:10:18.874 -> a/g:	ax:-468	ay:1476	ax:15292	gx:-111	gy:98	gz:-190
12:10:18.874 -> a/g:	ax:-704	ay:1324	ax:15648	gx:9	gy:66	gz:-149
12:10:18.909 -> a/g:	ax:-336	ay:1800	ax:15804	gx:80	gy:-96	gz:-183
12:10:18.909 -> a/g:	ax:100	ay:2288	ax:15588	gx:66	gy:113	gz:-150
12:10:18.945 -> a/g:	ax:360	ay:2300	ax:16332	gx:47	gy:-116	gz:-162
12:10:18.945 -> a/g:	ax:-196	ay:1920	ax:15584	gx:-131	gy:516	gz:-176
12:10:18.945 -> a/g:	ax:-796	ay:1644	ax:14580	gx:-208	gy:-20	gz:-211
12:10:18.980 -> a/g:	ax:-692	ay:1420	ax:15892	gx:205	gy:110	gz:-157
12:10:18.980 -> a/g:	ax:196	ay:2272	ax:15920	gx:66	gy:-450	gz:-194
12:10:18.980 -> a/g:	ax:284	ay:2264	ax:15540	gx:13	gy:510	gz:-229
12:10:19.012 -> a/g:	ax:52	ay:2028	ax:15452	gx:-27	gy:-103	gz:-142
12:10:19.012 -> a/g:	ax:-700	ay:1520	ax:14768	gx:-22	gy:398	gz:-243
12:10:19.045 -> a/g:	ax:-324	ay:1628	ax:15548	gx:-10	gy:-129	gz:-135
12:10:19.045 -> a/g:	ax:16	ay:2052	ax:15632	gx:116	gy:97	gz:-136
12:10:19.045 -> a/g:	ax:244	ay:2216	ax:16112	gx:-61	gy:24	gz:-193
12:10:19.078 -> a/g:	ax:296	ay:1852	ax:15068	gx:-44	gy:286	gz:-172
12:10:19.078 -> a/g:	ax:-712	ay:1656	ax:15860	gx:-55	gy:251	gz:-223
12:10:19.114 -> a/g:	ax:-608	ay:1660	ax:15588	gx:19	gy:108	gz:-203
12:10:19.114 -> a/g:	ax:-224	ay:2064	ax:16120	gx:100	gy:-221	gz:-187
12:10:19.114 -> a/g:	ax:144	ay:2052	ax:15540	gx:-36	gy:283	gz:-183
12:10:19.149 -> a/g:	ax:-124	ay:1832	ax:15644	gx:0	gy:128	gz:-198
12:10:19.149 -> a/g:	ax:-556	ay:1564	ax:15728	gx:42	gy:263	gz:-232
12:10:19.186 -> a/g:	ax:-656	ay:1588	ax:15940	gx:-57	gy:66	gz:-193
12:10:19.186 -> a/g:	ax:-348	ay:1884	ax:15764	gx:52	gy:-70	gz:-154
12:10:19.186 -> a/g:	ax:28	ay:1976	ax:15852	gx:30	gy:65	gz:-176
12:10:19.219 -> a/g:	ax:0	ay:1992	ax:15436	gx:-22	gy:220	gz:-109
12:10:19.219 -> a/g:	ax:-580	ay:1696	ax:15812	gx:10	gy:241	gz:-165
12:10:19.219 -> a/g:	ax:-820	ay:1680	ax:15788	gx:-20	gy:74	gz:-146
12:10:19.254 -> a/g:	ax:-396	ay:1040	ax:14912	gx:78	gy:-422	gz:-124
12:10:19.254 -> a/g:	ax:-684	ay:1904	ax:17416	gx:29	gy:423	gz:-196
12:10:19.289 -> a/g:	ax:176	ay:1860	ax:14572	gx:-184	gy:50	gz:-187
12:10:19.289 -> a/g:	ax:-1052	ay:1916	ax:16052	gx:206	gy:104	gz:-198
12:10:19.289 -> a/g:	ax:152	ay:1864	ax:15524	gx:19	gy:-65	gz:-195
12:10:19.326 -> a/g:	ax:-652	ay:2052	ax:15776	gx:-129	gy:66	gz:-220
12:10:19.326 -> a/g:	ax:220	ay:1896	ax:15488	gx:167	gy:-73	gz:-113
12:10:19.326 -> a/g:	ax:-144	ay:1932	ax:16068	gx:23	gy:183	gz:-178
12:10:19.359 -> a/g:	ax:-376	ay:1772	ax:15356	gx:-55	gy:196	gz:-163
12:10:19.359 -> a/g:	ax:-556	ay:1476	ax:16964	gx:-2	gy:-18	gz:-188
12:10:19.396 -> a/g:	ax:104	ay:1972	ax:15180	gx:118	gy:-99	gz:-132
12:10:19.396 -> a/g:	ax:-8	ay:1796	ax:16220	gx:-60	gy:293	gz:-220
12:10:19.396 -> a/g:	ax:-112	ay:1984	ax:15808	gx:-15	gy:-51	gz:-195
12:10:19.430 -> a/g:	ax:-488	ay:1860	ax:15704	gx:17	gy:274	gz:-191
12:10:19.430 -> a/g:	ax:-356	ay:1756	ax:15612	gx:-27	gy:-28	gz:-164
12:10:19.463 -> a/g:	ax:-164	ay:1900	ax:15792	gx:82	gy:85	gz:-169
12:10:19.463 -> a/g:	ax:72	ay:2084	ax:15672	gx:12	gy:86	gz:-146
12:10:19.463 -> a/g:	ax:-184	ay:1920	ax:15712	gx:-12	gy:196	gz:-215
12:10:19.497 -> a/g:	ax:-260	ay:1792	ax:15652	gx:18	gy:113	gz:-165
12:10:19.497 -> a/g:	ax:-484	ay:1828	ax:15768	gx:-60	gy:117	gz:-175
12:10:19.534 -> a/g:	ax:-344	ay:1924	ax:15652	gx:35	gy:-6	gz:-177
12:10:19.534 -> a/g:	ax:-240	ay:1912	ax:15852	gx:8	gy:177	gz:-162
12:10:19.534 -> a/g:	ax:-304	ay:1836	ax:15596	gx:-39	gy:36	gz:-161
12:10:19.568 -> a/g:	ax:-408	ay:1616	ax:15684	gx:24	gy:168	gz:-154
12:10:19.568 -> a/g:	ax:-388	ay:1756	ax:15672	gx:-63	gy:50	gz:-188
12:10:19.568 -> a/g:	ax:-208	ay:1884	ax:15572	gx:40	gy:6	gz:-156
12:10:19.605 -> a/g:	ax:-156	ay:1792	ax:15836	gx:23	gy:92	gz:-190
12:10:19.605 -> a/g:	ax:-208	ay:1820	ax:15880	gx:-64	gy:160	gz:-164
12:10:19.642 -> a/g:	ax:-408	ay:1752	ax:15680	gx:35	gy:39	gz:-147
12:10:19.642 -> a/g:	ax:-160	ay:1832	ax:15892	gx:-1	gy:90	gz:-193
12:10:19.642 -> a/g:	ax:-272	ay:1792	ax:15568	gx:-29	gy:82	gz:-180
12:10:19.676 -> a/g:	ax:-180	ay:1984	ax:15728	gx:71	gy:72	gz:-181
12:10:19.676 -> a/g:	ax:-192	ay:1848	ax:15668	gx:-4	gy:88	gz:-150
12:10:19.676 -> a/g:	ax:-392	ay:1768	ax:15684	gx:-28	gy:76	gz:-137
12:10:19.710 -> a/g:	ax:-348	ay:1872	ax:15904	gx:53	gy:38	gz:-108
12:10:19.710 -> a/g:	ax:-4	ay:1796	ax:15600	gx:6	gy:-39	gz:-150
12:10:19.746 -> a/g:	ax:-176	ay:1680	ax:15768	gx:-9	gy:161	gz:-139
12:10:19.746 -> a/g:	ax:-196	ay:1908	ax:15540	gx:16	gy:119	gz:-171
12:10:19.746 -> a/g:	ax:-352	ay:1876	ax:15808	gx:4	gy:23	gz:-174
12:10:19.777 -> a/g:	ax:-168	ay:1812	ax:15728	gx:3	gy:108	gz:-149
12:10:19.777 -> a/g:	ax:-152	ay:1844	ax:15600	gx:18	gy:40	gz:-179
12:10:19.814 -> a/g:	ax:-224	ay:1976	ax:15932	gx:65	gy:131	gz:-159
12:10:19.814 -> a/g:	ax:-132	ay:1876	ax:15780	gx:17	gy:163	gz:-140
12:10:19.814 -> a/g:	ax: